Date,home,away,Home Score,Away Score,result,Tries scored H,Tries scored A,Neutral venue,Crowds
31/10/1995,Farul Constanta,Toulouse,10,54,Away,1,8,0,1
07/11/1995,Treviso,Farul Constanta,86,8,Home,10,1,0,1
15/12/1995,Toulouse,Treviso,18,9,Home,0,0,0,1
21/11/1995,Bordeaux,Cardiff Blues,14,14,Draw,1,1,0,1
28/11/1995,Cardiff Blues,Ulster,46,6,Home,5,0,0,1
13/12/1995,Ulster,Bordeaux,16,29,Away,2,4,0,1
01/11/1995,Milan,Leinster,21,24,Away,2,2,0,1
22/11/1995,Pontypridd,Milan,31,12,Home,2,0,0,1
06/12/1995,Leinster,Pontypridd,23,22,Home,2,1,0,1
01/11/1995,Munster,Swansea,17,13,Home,2,1,0,1
08/11/1995,Castres,Munster,19,12,Home,1,0,0,1
05/12/1995,Swansea,Castres,22,10,Home,2,1,0,1
30/12/1995,Leinster,Cardiff Blues,14,23,Away,1,1,0,1
30/12/1995,Toulouse,Swansea,30,3,Home,3,0,0,1
06/01/1996,Cardiff Blues,Toulouse,18,18,Draw,0,2,0,1
12/10/1996,Pontypridd,Treviso,28,22,Home,,,0,1
12/10/1996,Bath,Edinburgh,55,26,Home,,,0,1
16/10/1996,Edinburgh,Pontypridd,10,32,Away,,,0,1
16/10/1996,Treviso,Dax,14,34,Away,,,0,1
19/10/1996,Pontypridd,Bath,19,6,Home,,,0,1
20/10/1996,Dax,Edinburgh,69,12,Home,,,0,1
26/10/1996,Bath,Dax,25,16,Home,,,0,1
27/10/1996,Edinburgh,Treviso,23,43,Away,,,0,1
02/11/1996,Treviso,Bath,27,50,Away,,,0,1
02/11/1996,Dax,Pontypridd,22,8,Home,,,0,1
12/10/1996,Llanelli,Leinster,34,17,Home,,,0,1
12/10/1996,Pau,Borders,85,28,Home,,,0,1
16/10/1996,Leinster,Leicester,10,27,Away,,,0,1
16/10/1996,Borders,Llanelli,24,16,Home,,,0,1
19/10/1996,Llanelli,Pau,31,15,Home,,,0,1
19/10/1996,Leicester,Borders,43,3,Home,,,0,1
26/10/1996,Borders,Leinster,25,34,Away,,,0,1
26/10/1996,Pau,Leicester,14,19,Away,,,0,1
02/11/1996,Leinster,Pau,25,23,Home,,,0,1
02/11/1996,Leicester,Llanelli,25,16,Home,,,0,1
12/10/1996,Brive,Neath,34,19,Home,,,0,1
13/10/1996,Caledonia,Ulster,34,41,Away,,,0,1
16/10/1996,Ulster,Harlequins,15,21,Away,,,0,1
16/10/1996,Neath,Caledonia,27,18,Home,,,0,1
19/10/1996,Harlequins,Neath,44,22,Home,,,0,1
20/10/1996,Caledonia,Brive,30,32,Away,,,0,1
26/10/1996,Neath,Ulster,15,13,Home,,,0,1
27/10/1996,Brive,Harlequins,23,10,Home,,,0,1
02/11/1996,Ulster,Brive,6,17,Away,,,0,1
02/11/1996,Harlequins,Caledonia,56,35,Home,,,0,1
12/10/1996,Munster,Milan,23,5,Home,,,0,1
13/10/1996,Wasps,Cardiff Blues,24,26,Away,,,0,1
16/10/1996,Cardiff Blues,Munster,48,18,Home,,,0,1
16/10/1996,Milan,Toulouse,26,44,Away,,,0,1
19/10/1996,Munster,Wasps,49,22,Home,,,0,1
19/10/1996,Toulouse,Cardiff Blues,36,20,Home,,,0,1
26/10/1996,Wasps,Toulouse,77,17,Home,,,0,1
27/10/1996,Cardiff Blues,Milan,41,19,Home,,,0,1
02/11/1996,Milan,Wasps,23,33,Away,,,0,1
02/11/1996,Toulouse,Munster,60,19,Home,,,0,1
09/11/1996,Cardiff Blues,Bath,22,19,Home,,,0,1
16/11/1996,Leicester,Harlequins,23,13,Home,,,0,1
16/11/1996,Dax,Toulouse,18,26,Away,,,0,1
17/11/1996,Brive,Llanelli,35,14,Home,,,0,1
04/01/1997,Leicester,Toulouse,37,11,Home,,,0,1
05/01/1997,Brive,Cardiff Blues,26,13,Home,,,0,1
25/01/1997,Brive,Leicester,28,9,Home,,,1,1
01/01/1998,Leinster,Toulouse,25,34,Away,,,0,1
01/01/1998,Leicester,Milan,26,10,Home,,,0,1
01/01/1998,Leinster,Leicester,16,9,Home,,,0,1
01/01/1998,Milan,Toulouse,14,19,Away,,,0,1
01/01/1998,Milan,Leinster,33,32,Home,,,0,1
01/01/1998,Toulouse,Leicester,17,22,Away,,,0,1
01/01/1998,Leicester,Leinster,47,22,Home,,,0,1
01/01/1998,Toulouse,Milan,69,19,Home,,,0,1
01/01/1998,Leicester,Toulouse,22,23,Away,,,0,1
01/01/1998,Leinster,Milan,23,6,Home,,,0,1
01/01/1998,Toulouse,Leinster,38,19,Home,,,0,1
01/01/1998,Milan,Leicester,29,37,Away,,,0,1
01/01/1998,Swansea,Wasps,25,31,Away,,,0,1
01/01/1998,Ulster,Glasgow,12,18,Away,,,0,1
01/01/1998,Swansea,Ulster,33,16,Home,,,0,1
01/01/1998,Glasgow,Wasps,22,46,Away,,,0,1
01/01/1998,Glasgow,Swansea,35,21,Home,,,0,1
01/01/1998,Wasps,Ulster,56,3,Home,,,0,1
01/01/1998,Ulster,Swansea,28,20,Home,,,0,1
01/01/1998,Wasps,Glasgow,43,5,Home,,,0,1
01/01/1998,Ulster,Wasps,21,38,Away,,,0,1
01/01/1998,Swansea,Glasgow,30,22,Home,,,0,1
01/01/1998,Glasgow,Ulster,30,15,Home,,,0,1
01/01/1998,Wasps,Swansea,29,28,Home,,,0,1
01/01/1998,Brive,Borders,56,18,Home,,,0,1
01/01/1998,Pontypridd,Bath,15,21,Away,,,0,1
01/01/1998,Borders,Bath,17,31,Away,,,0,1
01/01/1998,Brive,Pontypridd,32,31,Home,,,0,1
01/01/1998,Bath,Brive,27,25,Home,,,0,1
01/01/1998,Borders,Pontypridd,16,23,Away,,,0,1
01/01/1998,Pontypridd,Brive,29,29,Draw,,,0,1
01/01/1998,Bath,Borders,27,23,Home,,,0,1
01/01/1998,Pontypridd,Borders,46,26,Home,,,0,1
01/01/1998,Brive,Bath,29,12,Home,,,0,1
01/01/1998,Bath,Pontypridd,23,10,Home,,,0,1
01/01/1998,Borders,Brive,29,39,Away,,,0,1
01/01/1998,Bourgoin,Cardiff Blues,26,25,Home,,,0,1
01/01/1998,Harlequins,Munster,48,40,Home,,,0,1
01/01/1998,Harlequins,Bourgoin,45,7,Home,,,0,1
01/01/1998,Cardiff Blues,Munster,43,23,Home,,,0,1
01/01/1998,Munster,Bourgoin,17,15,Home,,,0,1
01/01/1998,Cardiff Blues,Harlequins,21,28,Away,,,0,1
01/01/1998,Munster,Cardiff Blues,32,37,Away,,,0,1
01/01/1998,Bourgoin,Harlequins,18,30,Away,,,0,1
01/01/1998,Bourgoin,Munster,21,6,Home,,,0,1
01/01/1998,Harlequins,Cardiff Blues,31,32,Away,,,0,1
01/01/1998,Cardiff Blues,Bourgoin,26,6,Home,,,0,1
01/01/1998,Munster,Harlequins,23,16,Home,,,0,1
01/01/1998,Treviso,Pau,18,19,Away,,,0,1
01/01/1998,Caledonia,Scarlets,18,23,Away,,,0,1
01/01/1998,Pau,Scarlets,44,12,Home,,,0,1
01/01/1998,Caledonia,Treviso,17,9,Home,,,0,1
01/01/1998,Scarlets,Treviso,39,18,Home,,,0,1
01/01/1998,Pau,Caledonia,50,8,Home,,,0,1
01/01/1998,Treviso,Caledonia,52,6,Home,,,0,1
01/01/1998,Scarlets,Pau,14,10,Home,,,0,1
01/01/1998,Treviso,Scarlets,42,25,Home,,,0,1
01/01/1998,Caledonia,Pau,30,24,Home,,,0,1
01/01/1998,Scarlets,Caledonia,31,10,Home,,,0,1
01/01/1998,Pau,Treviso,56,7,Home,,,0,1
01/01/1998,Leicester,Glasgow,90,19,Home,,,0,1
01/01/1998,Brive,Pontypridd,25,20,Home,,,0,1
01/01/1998,Cardiff Blues,Scarlets,24,20,Home,,,0,1
01/01/1998,Bath,Cardiff Blues,32,21,Home,,,0,1
01/01/1998,Toulouse,Harlequins,51,10,Home,,,0,1
01/01/1998,Wasps,Brive,18,25,Away,,,0,1
01/01/1998,Pau,Leicester,35,18,Home,,,0,1
01/01/1998,Bath,Pau,20,14,Home,,,0,1
01/01/1998,Toulouse,Brive,22,22,Draw,,,0,1
01/01/1998,Bath,Brive,19,18,Home,,,1,1
01/01/1999,Scarlets,Leinster,27,33,Away,,,0,1
01/01/1999,Bordeaux,Stade Francais,28,39,Away,,,0,1
01/01/1999,Leinster,Stade Francais,17,28,Away,,,0,1
01/01/1999,Scarlets,Bordeaux,22,10,Home,,,0,1
01/01/1999,Leinster,Bordeaux,9,3,Home,,,0,1
01/01/1999,Stade Francais,Scarlets,49,3,Home,,,0,1
01/01/1999,Stade Francais,Leinster,56,31,Home,,,0,1
01/01/1999,Bordeaux,Scarlets,48,10,Home,,,0,1
01/01/1999,Scarlets,Stade Francais,17,13,Home,,,0,1
01/01/1999,Bordeaux,Leinster,31,10,Home,,,0,1
01/01/1999,Leinster,Scarlets,27,34,Away,,,0,1
01/01/1999,Stade Francais,Bordeaux,34,21,Home,,,0,1
01/01/1999,Munster,Petrarca,20,13,Home,,,0,1
01/01/1999,Neath,Perpignan,33,51,Away,,,0,1
01/01/1999,Munster,Neath,34,10,Home,,,0,1
01/01/1999,Perpignan,Petrarca,67,8,Home,,,0,1
01/01/1999,Perpignan,Munster,41,24,Home,,,0,1
01/01/1999,Petrarca,Neath,28,17,Home,,,0,1
01/01/1999,Neath,Munster,18,18,Draw,,,0,1
01/01/1999,Petrarca,Perpignan,6,14,Away,,,0,1
01/01/1999,Munster,Perpignan,13,5,Home,,,0,1
01/01/1999,Neath,Petrarca,16,3,Home,,,0,1
01/01/1999,Perpignan,Neath,60,24,Home,,,0,1
01/01/1999,Petrarca,Munster,21,35,Away,,,0,1
01/01/1999,Ulster,Edinburgh,38,38,Draw,,,0,1
01/01/1999,Toulouse,Ebbw Vale,108,16,Home,,,0,1
01/01/1999,Edinburgh,Ebbw Vale,41,17,Home,,,0,1
01/01/1999,Toulouse,Ulster,39,3,Home,,,0,1
01/01/1999,Ebbw Vale,Ulster,28,61,Away,,,0,1
01/01/1999,Edinburgh,Toulouse,25,29,Away,,,0,1
01/01/1999,Ulster,Toulouse,29,24,Home,,,0,1
01/01/1999,Ebbw Vale,Edinburgh,16,43,Away,,,0,1
01/01/1999,Ulster,Ebbw Vale,43,18,Home,,,0,1
01/01/1999,Toulouse,Edinburgh,23,11,Home,,,0,1
01/01/1999,Ebbw Vale,Toulouse,19,11,Home,,,0,1
01/01/1999,Edinburgh,Ulster,21,23,Away,,,0,1
01/01/1999,Treviso,Colomiers,19,22,Away,,,0,1
01/01/1999,Glasgow,Pontypridd,21,43,Away,,,0,1
01/01/1999,Pontypridd,Colomiers,32,27,Home,,,0,1
01/01/1999,Treviso,Glasgow,34,15,Home,,,0,1
01/01/1999,Pontypridd,Treviso,13,22,Away,,,0,1
01/01/1999,Colomiers,Glasgow,34,16,Home,,,0,1
01/01/1999,Colomiers,Pontypridd,35,21,Home,,,0,1
01/01/1999,Glasgow,Treviso,40,27,Home,,,0,1
01/01/1999,Treviso,Pontypridd,33,19,Home,,,0,1
01/01/1999,Glasgow,Colomiers,26,17,Home,,,0,1
01/01/1999,Colomiers,Treviso,41,7,Home,,,0,1
01/01/1999,Pontypridd,Glasgow,32,3,Home,,,0,1
01/01/1999,Ulster,Toulouse,15,13,Home,,,0,1
01/01/1999,Perpignan,Scarlets,34,17,Home,,,0,1
01/01/1999,Stade Francais,Pontypridd,71,14,Home,,,0,1
01/01/1999,Colomiers,Munster,23,9,Home,,,0,1
01/01/1999,Ulster,Stade Francais,33,27,Home,,,0,1
01/01/1999,Colomiers,Perpignan,10,6,Home,,,0,1
01/01/1999,Ulster,Colomiers,21,6,Home,,,1,1
01/01/2000,Leinster,Leicester,27,20,Home,,,0,1
01/01/2000,Stade Francais,Glasgow,37,18,Home,,,0,1
01/01/2000,Glasgow,Leinster,29,17,Home,,,0,1
01/01/2000,Leicester,Stade Francais,30,25,Home,,,0,1
01/01/2000,Stade Francais,Leinster,39,6,Home,,,0,1
01/01/2000,Glasgow,Leicester,30,17,Home,,,0,1
01/01/2000,Leinster,Stade Francais,24,23,Home,,,0,1
01/01/2000,Leicester,Glasgow,34,21,Home,,,0,1
01/01/2000,Leinster,Glasgow,44,17,Home,,,0,1
01/01/2000,Stade Francais,Leicester,38,16,Home,,,0,1
01/01/2000,Glasgow,Stade Francais,15,30,Away,,,0,1
01/01/2000,Leicester,Leinster,10,32,Away,,,0,1
01/01/2000,Swansea,Petrarca,66,19,Home,,,0,1
01/01/2000,Bath,Toulouse,25,32,Away,,,0,1
01/01/2000,Petrarca,Bath,15,56,Away,,,0,1
01/01/2000,Toulouse,Swansea,46,3,Home,,,0,1
01/01/2000,Swansea,Bath,10,9,Home,,,0,1
01/01/2000,Petrarca,Toulouse,17,39,Away,,,0,1
01/01/2000,Toulouse,Petrarca,51,0,Home,,,0,1
01/01/2000,Bath,Swansea,20,9,Home,,,0,1
01/01/2000,Swansea,Toulouse,9,18,Away,,,0,1
01/01/2000,Bath,Petrarca,41,0,Home,,,0,1
01/01/2000,Petrarca,Swansea,25,29,Away,,,0,1
01/01/2000,Toulouse,Bath,14,19,Away,,,0,1
01/01/2000,Bourgoin,Ulster,26,12,Home,,,0,1
01/01/2000,Wasps,Scarlets,22,13,Home,,,0,1
01/01/2000,Ulster,Wasps,6,19,Away,,,0,1
01/01/2000,Scarlets,Bourgoin,29,10,Home,,,0,1
01/01/2000,Ulster,Scarlets,6,29,Away,,,0,1
01/01/2000,Bourgoin,Wasps,15,21,Away,,,0,1
01/01/2000,Scarlets,Ulster,20,3,Home,,,0,1
01/01/2000,Wasps,Bourgoin,37,23,Home,,,0,1
01/01/2000,Bourgoin,Scarlets,30,36,Away,,,0,1
01/01/2000,Wasps,Ulster,49,17,Home,,,0,1
01/01/2000,Ulster,Bourgoin,27,36,Away,,,0,1
01/01/2000,Scarlets,Wasps,25,15,Home,,,0,1
01/01/2000,Munster,Pontypridd,32,10,Home,,,0,1
01/01/2000,Colomiers,Saracens,19,16,Home,,,0,1
01/01/2000,Pontypridd,Colomiers,22,14,Home,,,0,1
01/01/2000,Saracens,Munster,34,35,Away,,,0,1
01/01/2000,Colomiers,Munster,15,31,Away,,,0,1
01/01/2000,Saracens,Pontypridd,52,35,Home,,,0,1
01/01/2000,Pontypridd,Saracens,18,22,Away,,,0,1
01/01/2000,Munster,Colomiers,23,5,Home,,,0,1
01/01/2000,Munster,Saracens,31,30,Home,,,0,1
01/01/2000,Colomiers,Pontypridd,38,21,Home,,,0,1
01/01/2000,Pontypridd,Munster,38,36,Home,,,0,1
01/01/2000,Saracens,Colomiers,52,15,Home,,,0,1
01/01/2000,Cardiff Blues,Harlequins,32,32,Draw,,,0,1
01/01/2000,Treviso,Montferrand,15,21,Away,,,0,1
01/01/2000,Harlequins,Treviso,19,22,Away,,,0,1
01/01/2000,Montferrand,Cardiff Blues,46,13,Home,,,0,1
01/01/2000,Cardiff Blues,Treviso,23,16,Home,,,0,1
01/01/2000,Harlequins,Montferrand,11,9,Home,,,0,1
01/01/2000,Treviso,Cardiff Blues,16,40,Away,,,0,1
01/01/2000,Montferrand,Harlequins,32,9,Home,,,0,1
01/01/2000,Treviso,Harlequins,24,23,Home,,,0,1
01/01/2000,Cardiff Blues,Montferrand,30,5,Home,,,0,1
01/01/2000,Harlequins,Cardiff Blues,26,30,Away,,,0,1
01/01/2000,Montferrand,Treviso,41,7,Home,,,0,1
01/01/2000,Northampton,Neath,21,12,Home,,,0,1
01/01/2000,Edinburgh,Grenoble,23,18,Home,,,0,1
01/01/2000,Neath,Edinburgh,20,31,Away,,,0,1
01/01/2000,Grenoble,Northampton,20,18,Home,,,0,1
01/01/2000,Neath,Grenoble,43,14,Home,,,0,1
01/01/2000,Northampton,Edinburgh,32,10,Home,,,0,1
01/01/2000,Edinburgh,Northampton,8,47,Away,,,0,1
01/01/2000,Grenoble,Neath,21,10,Home,,,0,1
01/01/2000,Edinburgh,Neath,23,20,Home,,,0,1
01/01/2000,Northampton,Grenoble,27,16,Home,,,0,1
01/01/2000,Neath,Northampton,23,39,Away,,,0,1
01/01/2000,Grenoble,Edinburgh,21,19,Home,,,0,1
01/01/2000,Munster,Stade Francais,27,10,Home,,,0,1
01/01/2000,Scarlets,Cardiff Blues,22,3,Home,,,0,1
01/01/2000,Toulouse,Montferrand,31,18,Home,,,0,1
01/01/2000,Northampton,Wasps,25,22,Home,,,0,1
01/01/2000,Toulouse,Munster,25,31,Away,,,0,1
01/01/2000,Northampton,Scarlets,31,28,Home,,,0,1
01/01/2000,Northampton,Munster,9,8,Home,,,1,1
01/01/2001,Edinburgh,Leinster,29,21,Home,,,0,1
01/01/2001,Biarritz,Northampton,37,30,Home,,,0,1
01/01/2001,Leinster,Biarritz,35,9,Home,,,0,1
01/01/2001,Northampton,Edinburgh,22,23,Away,,,0,1
01/01/2001,Northampton,Leinster,8,14,Away,,,0,1
01/01/2001,Biarritz,Edinburgh,29,18,Home,,,0,1
01/01/2001,Edinburgh,Biarritz,27,35,Away,,,0,1
01/01/2001,Leinster,Northampton,40,31,Home,,,0,1
01/01/2001,Leinster,Edinburgh,34,34,Draw,,,0,1
01/01/2001,Northampton,Biarritz,32,24,Home,,,0,1
01/01/2001,Edinburgh,Northampton,18,15,Home,,,0,1
01/01/2001,Biarritz,Leinster,30,10,Home,,,0,1
01/01/2001,Swansea,Wasps,54,28,Home,,,0,1
01/01/2001,Stade Francais,L'Aquila,92,7,Home,,,0,1
01/01/2001,Swansea,Stade Francais,18,16,Home,,,0,1
01/01/2001,L'Aquila,Wasps,10,39,Away,,,0,1
01/01/2001,Stade Francais,Wasps,40,10,Home,,,0,1
01/01/2001,L'Aquila,Swansea,6,70,Away,,,0,1
01/01/2001,Swansea,L'Aquila,73,3,Home,,,0,1
01/01/2001,Wasps,Stade Francais,28,31,Away,,,0,1
01/01/2001,L'Aquila,Stade Francais,9,76,Away,,,0,1
01/01/2001,Wasps,Swansea,28,16,Home,,,0,1
01/01/2001,Stade Francais,Swansea,42,13,Home,,,0,1
01/01/2001,Wasps,L'Aquila,42,5,Home,,,0,1
01/01/2001,Ulster,Cardiff Blues,32,23,Home,,,0,1
01/01/2001,Toulouse,Saracens,22,32,Away,,,0,1
01/01/2001,Cardiff Blues,Toulouse,26,17,Home,,,0,1
01/01/2001,Saracens,Ulster,55,25,Home,,,0,1
01/01/2001,Saracens,Cardiff Blues,23,32,Away,,,0,1
01/01/2001,Toulouse,Ulster,35,35,Draw,,,0,1
01/01/2001,Cardiff Blues,Saracens,24,14,Home,,,0,1
01/01/2001,Ulster,Toulouse,25,29,Away,,,0,1
01/01/2001,Cardiff Blues,Ulster,42,16,Home,,,0,1
01/01/2001,Saracens,Toulouse,37,30,Home,,,0,1
01/01/2001,Ulster,Saracens,13,21,Away,,,0,1
01/01/2001,Toulouse,Cardiff Blues,38,27,Home,,,0,1
01/01/2001,Munster,Newport,26,18,Home,,,0,1
01/01/2001,Bath,Castres,25,13,Home,,,0,1
01/01/2001,Newport,Bath,28,17,Home,,,0,1
01/01/2001,Castres,Munster,29,32,Away,,,0,1
01/01/2001,Munster,Bath,31,9,Home,,,0,1
01/01/2001,Newport,Castres,21,20,Home,,,0,1
01/01/2001,Bath,Munster,18,5,Home,,,0,1
01/01/2001,Castres,Newport,43,21,Home,,,0,1
01/01/2001,Castres,Bath,19,32,Away,,,0,1
01/01/2001,Newport,Munster,24,39,Away,,,0,1
01/01/2001,Munster,Castres,21,11,Home,,,0,1
01/01/2001,Bath,Newport,38,10,Home,,,0,1
01/01/2001,Scarlets,Gloucester,20,27,Away,,,0,1
01/01/2001,Roma,Colomiers,5,14,Away,,,0,1
01/01/2001,Colomiers,Scarlets,6,19,Away,,,0,1
01/01/2001,Gloucester,Roma,52,12,Home,,,0,1
01/01/2001,Scarlets,Roma,46,0,Home,,,0,1
01/01/2001,Gloucester,Colomiers,22,22,Draw,,,0,1
01/01/2001,Colomiers,Gloucester,30,19,Home,,,0,1
01/01/2001,Roma,Scarlets,21,41,Away,,,0,1
01/01/2001,Gloucester,Scarlets,28,27,Home,,,0,1
01/01/2001,Colomiers,Roma,55,21,Home,,,0,1
01/01/2001,Scarlets,Colomiers,34,21,Home,,,0,1
01/01/2001,Roma,Gloucester,29,38,Away,,,0,1
01/01/2001,Pontypridd,Glasgow,40,25,Home,,,0,1
01/01/2001,Leicester,Pau,46,18,Home,,,0,1
01/01/2001,Pau,Pontypridd,12,9,Home,,,0,1
01/01/2001,Glasgow,Leicester,21,33,Away,,,0,1
01/01/2001,Pontypridd,Leicester,18,11,Home,,,0,1
01/01/2001,Glasgow,Pau,24,46,Away,,,0,1
01/01/2001,Pau,Glasgow,44,16,Home,,,0,1
01/01/2001,Leicester,Pontypridd,27,19,Home,,,0,1
01/01/2001,Pau,Leicester,3,20,Away,,,0,1
01/01/2001,Glasgow,Pontypridd,25,23,Home,,,0,1
01/01/2001,Leicester,Glasgow,41,26,Home,,,0,1
01/01/2001,Pontypridd,Pau,27,31,Away,,,0,1
01/01/2001,Gloucester,Cardiff Blues,21,15,Home,,,0,1
01/01/2001,Stade Francais,Pau,36,19,Home,,,0,1
01/01/2001,Leicester,Swansea,41,10,Home,,,0,1
01/01/2001,Munster,Biarritz,38,29,Home,,,0,1
01/01/2001,Stade Francais,Munster,16,15,Home,,,0,1
01/01/2001,Leicester,Gloucester,19,15,Home,,,0,1
01/01/2001,Stade Francais,Leicester,30,34,Away,,,1,1
28/09/2001,Cardiff Blues,Northampton,25,17,Home,,,0,1
28/09/2001,Glasgow,Montferrand,19,19,Draw,,,0,1
28/09/2001,Leinster,Toulouse,40,10,Home,,,0,1
29/09/2001,Biarritz,Bath,6,14,Away,,,0,1
29/09/2001,Bridgend,Harlequins,24,30,Away,,,0,1
29/09/2001,Leicester,Scarlets,12,9,Home,,,0,1
29/09/2001,Munster,Castres,28,23,Home,,,0,1
29/09/2001,Newcastle,Newport,21,34,Away,,,0,1
29/09/2001,Perpignan,Calvisano,56,3,Home,,,0,1
29/09/2001,Swansea,Edinburgh,21,16,Home,,,0,1
29/09/2001,Treviso,Ulster,28,33,Away,,,0,1
30/09/2001,Wasps,Stade Francais,19,25,Away,,,0,1
05/10/2001,Edinburgh,Biarritz,6,6,Draw,,,0,1
05/10/2001,Leinster,Newcastle,28,9,Home,,,0,1
05/10/2001,Scarlets,Perpignan,20,6,Home,,,0,1
05/10/2001,Ulster,Wasps,42,19,Home,,,0,1
06/10/2001,Bath,Swansea,38,9,Home,,,0,1
06/10/2001,Castres,Bridgend,35,23,Home,,,0,1
06/10/2001,Harlequins,Munster,8,24,Away,,,0,1
06/10/2001,Montferrand,Cardiff Blues,37,10,Home,,,0,1
06/10/2001,Newport,Toulouse,21,20,Home,,,0,1
06/10/2001,Stade Francais,Treviso,42,9,Home,,,0,1
07/10/2001,Calvisano,Leicester,3,37,Away,,,0,1
07/10/2001,Northampton,Glasgow,30,9,Home,,,0,1
26/10/2001,Bridgend,Munster,12,16,Away,,,0,1
26/10/2001,Leinster,Newport,21,6,Home,,,0,1
27/10/2001,Cardiff Blues,Glasgow,46,7,Home,,,0,1
27/10/2001,Edinburgh,Bath,6,37,Away,,,0,1
27/10/2001,Northampton,Montferrand,15,21,Away,,,0,1
27/10/2001,Perpignan,Leicester,30,31,Away,,,0,1
27/10/2001,Stade Francais,Ulster,40,11,Home,,,0,1
27/10/2001,Swansea,Biarritz,15,10,Home,,,0,1
28/10/2001,Calvisano,Scarlets,13,31,Away,,,0,1
28/10/2001,Harlequins,Castres,17,39,Away,,,0,1
28/10/2001,Toulouse,Newcastle,33,13,Home,,,0,1
28/10/2001,Wasps,Treviso,29,24,Home,,,0,1
02/11/2001,Newport,Leinster,21,26,Away,,,0,1
02/11/2001,Ulster,Stade Francais,19,16,Home,,,0,1
03/11/2001,Bath,Edinburgh,17,10,Home,,,0,1
03/11/2001,Biarritz,Swansea,24,15,Home,,,0,1
03/11/2001,Castres,Harlequins,24,18,Home,,,0,1
03/11/2001,Leicester,Perpignan,54,15,Home,,,0,1
03/11/2001,Montferrand,Northampton,50,17,Home,,,0,1
03/11/2001,Munster,Bridgend,40,6,Home,,,0,1
03/11/2001,Newcastle,Toulouse,42,9,Home,,,0,1
03/11/2001,Scarlets,Calvisano,93,14,Home,,,0,1
03/11/2001,Treviso,Wasps,32,17,Home,,,0,1
04/11/2001,Glasgow,Cardiff Blues,47,32,Home,,,0,1
04/01/2002,Glasgow,Northampton,31,27,Home,,,0,1
04/01/2002,Perpignan,Scarlets,42,10,Home,,,0,1
05/01/2002,Biarritz,Edinburgh,45,14,Home,,,0,1
05/01/2002,Bridgend,Castres,26,37,Away,,,0,1
05/01/2002,Cardiff Blues,Montferrand,26,20,Home,,,0,1
05/01/2002,Leicester,Calvisano,29,7,Home,,,0,1
05/01/2002,Munster,Harlequins,51,17,Home,,,0,1
05/01/2002,Swansea,Bath,12,24,Away,,,0,1
05/01/2002,Toulouse,Newport,36,23,Home,,,0,1
05/01/2002,Treviso,Stade Francais,6,59,Away,,,0,1
06/01/2002,Wasps,Ulster,36,32,Home,,,0,1
08/01/2002,Newcastle,Leinster,15,17,Away,,,0,1
11/01/2002,Edinburgh,Swansea,30,20,Home,,,0,1
11/01/2002,Newport,Newcastle,53,17,Home,,,0,1
11/01/2002,Ulster,Treviso,59,3,Home,,,0,1
12/01/2002,Bath,Biarritz,31,13,Home,,,0,1
12/01/2002,Calvisano,Perpignan,18,33,Away,,,0,1
12/01/2002,Castres,Munster,21,13,Home,,,0,1
12/01/2002,Harlequins,Bridgend,29,25,Home,,,0,1
12/01/2002,Northampton,Cardiff Blues,26,15,Home,,,0,1
12/01/2002,Scarlets,Leicester,24,12,Home,,,0,1
12/01/2002,Stade Francais,Wasps,31,0,Home,,,0,1
13/01/2002,Montferrand,Glasgow,44,13,Home,,,0,1
13/01/2002,Toulouse,Leinster,43,7,Home,,,0,1
26/01/2002,Bath,Scarlets,10,27,Away,,,0,1
26/01/2002,Castres,Montferrand,22,21,Home,,,0,1
26/01/2002,Stade Francais,Munster,14,16,Away,,,0,1
27/01/2002,Leicester,Leinster,29,18,Home,,,0,1
27/04/2002,Castres,Munster,17,25,Away,,,0,1
28/04/2002,Leicester,Scarlets,13,12,Home,,,0,1
25/05/2002,Leicester,Munster,15,9,Home,,,0,1
11/10/2002,Edinburgh,Newport,27,17,Home,,,0,1
11/10/2002,Leinster,Bristol,29,23,Home,,,0,1
11/10/2002,Neath,Leicester,16,16,Draw,,,0,1
11/10/2002,Sale Sharks,Bourgoin,18,24,Away,,,0,1
12/10/2002,Calvisano,Beziers,16,32,Away,,,0,1
12/10/2002,Cardiff Blues,Biarritz,15,26,Away,,,0,1
12/10/2002,Gloucester,Munster,35,16,Home,,,0,1
12/10/2002,Montferrand,Swansea,47,12,Home,,,0,1
12/10/2002,Perpignan,Viadana,46,27,Home,,,0,1
12/10/2002,Scarlets,Glasgow,45,15,Home,,,0,1
12/10/2002,Toulouse,London Irish,28,23,Home,,,0,1
13/10/2002,Northampton,Ulster,32,9,Home,,,0,1
14/10/2002,Viadana,Munster,22,25,Away,,,0,1
18/10/2002,Bourgoin,Scarlets,54,38,Home,,,0,1
18/10/2002,Glasgow,Sale Sharks,26,14,Home,,,0,1
18/10/2002,Newport,Toulouse,19,34,Away,,,0,1
18/10/2002,Ulster,Cardiff Blues,25,6,Home,,,0,1
18/10/2002,Viadana,Gloucester,28,80,Away,,,0,1
19/10/2002,Beziers,Neath,21,16,Home,,,0,1
19/10/2002,Biarritz,Northampton,23,20,Home,,,0,1
19/10/2002,Bristol,Montferrand,24,19,Home,,,0,1
19/10/2002,Leicester,Calvisano,63,0,Home,,,0,1
19/10/2002,Munster,Perpignan,30,21,Home,,,0,1
19/10/2002,Swansea,Leinster,10,51,Away,,,0,1
20/10/2002,London Irish,Edinburgh,24,8,Home,,,0,1
06/12/2002,Edinburgh,Toulouse,9,30,Away,,,0,1
06/12/2002,Munster,Viadana,64,0,Home,,,0,1
06/12/2002,Sale Sharks,Scarlets,19,30,Away,,,0,1
06/12/2002,Ulster,Biarritz,13,9,Home,,,0,1
07/12/2002,Calvisano,Neath,38,29,Home,,,0,1
07/12/2002,Montferrand,Leinster,20,23,Away,,,0,1
07/12/2002,Newport,London Irish,16,12,Home,,,0,1
07/12/2002,Northampton,Cardiff Blues,25,11,Home,,,0,1
07/12/2002,Swansea,Bristol,26,19,Home,,,0,1
08/12/2002,Beziers,Leicester,12,24,Away,,,0,1
08/12/2002,Bourgoin,Glasgow,35,21,Home,,,0,1
08/12/2002,Gloucester,Perpignan,33,16,Home,,,0,1
13/12/2002,Glasgow,Bourgoin,13,12,Home,,,0,1
13/12/2002,Leinster,Montferrand,12,9,Home,,,0,1
13/12/2002,Scarlets,Sale Sharks,17,12,Home,,,0,1
14/12/2002,Biarritz,Ulster,25,20,Home,,,0,1
14/12/2002,Leicester,Beziers,53,10,Home,,,0,1
14/12/2002,Neath,Calvisano,56,10,Home,,,0,1
14/12/2002,Perpignan,Gloucester,31,23,Home,,,0,1
14/12/2002,Toulouse,Edinburgh,50,17,Home,,,0,1
15/12/2002,Bristol,Swansea,41,23,Home,,,0,1
15/12/2002,Cardiff Blues,Northampton,0,31,Away,,,0,1
15/12/2002,London Irish,Newport,42,5,Home,,,0,1
10/01/2003,Edinburgh,London Irish,32,25,Home,,,0,1
10/01/2003,Leinster,Swansea,48,19,Home,,,0,1
10/01/2003,Sale Sharks,Glasgow,45,3,Home,,,0,1
10/01/2003,Scarlets,Bourgoin,37,22,Home,,,0,1
11/01/2003,Calvisano,Leicester,22,40,Away,,,0,1
11/01/2003,Cardiff Blues,Ulster,21,33,Away,,,0,1
11/01/2003,Gloucester,Viadana,64,16,Home,,,0,1
11/01/2003,Northampton,Biarritz,17,14,Home,,,0,1
11/01/2003,Perpignan,Munster,23,8,Home,,,0,1
11/01/2003,Toulouse,Newport,70,18,Home,,,0,1
12/01/2003,Montferrand,Bristol,22,30,Away,,,0,1
13/01/2003,Neath,Beziers,23,18,Home,,,0,1
17/01/2003,Glasgow,Scarlets,8,34,Away,,,0,1
17/01/2003,Ulster,Northampton,16,13,Home,,,0,1
18/01/2003,Beziers,Calvisano,16,19,Away,,,0,1
18/01/2003,Biarritz,Cardiff Blues,75,25,Home,,,0,1
18/01/2003,Burgoin,Sale Sharks,43,15,Home,,,0,1
18/01/2003,Leicester,Neath,36,11,Home,,,0,1
18/01/2003,Munster,Gloucester,33,6,Home,,,0,1
18/01/2003,Newport,Edinburgh,42,32,Home,,,0,1
18/01/2003,Swansea,Montferrand,19,24,Away,,,0,1
18/01/2003,Viadana,Perpignan,35,39,Away,,,0,1
19/01/2003,Bristol,Leinster,12,25,Away,,,0,1
19/01/2003,London Irish,Toulouse,32,29,Home,,,0,1
12/04/2003,Leinster,Biarritz,18,13,Home,,,0,1
12/04/2003,Toulouse,Northampton,32,16,Home,,,0,1
13/04/2003,Leicester,Munster,7,20,Away,,,0,1
16/04/2003,Scarlets,Perpignan,19,26,Away,,,0,1
26/04/2003,Toulouse,Munster,13,12,Home,,,0,1
27/04/2003,Leinster,Perpignan,14,21,Away,,,0,1
24/05/2003,Toulouse,Perpignan,22,17,Home,,,0,1
05/12/2003,Celtic Warriors,Calvisano,34,25,Home,,,0,1
05/12/2003,Scarlets,Northampton,14,9,Home,,,0,1
05/12/2003,Stade Francais,Leicester,26,15,Home,,,0,1
06/12/2003,Agen,Borders,27,8,Home,,,0,1
06/12/2003,Bourgoin,Munster,17,18,Away,,,0,1
06/12/2003,Leinster,Biarritz,32,6,Home,,,0,1
06/12/2003,Sale Sharks,Cardiff Blues,26,24,Home,,,0,1
06/12/2003,Treviso,Gloucester,12,33,Away,,,0,1
07/12/2003,Dragons,Ulster,24,15,Home,,,0,1
07/12/2003,Edinburgh,Toulouse,23,16,Home,,,0,1
07/12/2003,Leeds Tykes,Ospreys,29,20,Home,,,0,1
07/12/2003,Wasps,Perpignan,28,7,Home,,,0,1
12/12/2003,Cardiff Blues,Leinster,19,24,Away,,,0,1
12/12/2003,Ospreys,Edinburgh,16,32,Away,,,0,1
12/12/2003,Toulouse,Leeds Tykes,19,3,Home,,,0,1
12/12/2003,Ulster,Stade Francais,22,20,Home,,,0,1
13/12/2003,Biarritz,Sale Sharks,31,3,Home,,,0,1
13/12/2003,Calvisano,Wasps,33,52,Away,,,0,1
13/12/2003,Gloucester,Bourgoin,49,13,Home,,,0,1
13/12/2003,Munster,Treviso,51,0,Home,,,0,1
13/12/2003,Northampton,Agen,25,10,Home,,,0,1
13/12/2003,Perpignan,Celtic Warriors,26,19,Home,,,0,1
14/12/2003,Borders,Scarlets,10,41,Away,,,0,1
14/12/2003,Leicester,Dragons,34,3,Home,,,0,1
09/01/2004,Edinburgh,Leeds Tykes,19,9,Home,,,0,1
09/01/2004,Leinster,Sale Sharks,22,23,Away,,,0,1
09/01/2004,Scarlets,Agen,19,15,Home,,,0,1
10/01/2004,Biarritz,Cardiff Blues,35,20,Home,,,0,1
10/01/2004,Dragons,Stade Francais,20,12,Home,,,0,1
10/01/2004,Gloucester,Munster,22,11,Home,,,0,1
10/01/2004,Northampton,Borders,20,3,Home,,,0,1
10/01/2004,Perpignan,Calvisano,48,7,Home,,,0,1
10/01/2004,Toulouse,Ospreys,29,6,Home,,,0,1
10/01/2004,Treviso,Bourgoin,42,33,Home,,,0,1
11/01/2004,Ulster,Leicester,33,0,Home,,,0,1
11/01/2004,Wasps,Celtic Warriors,9,14,Away,,,0,1
16/01/2004,Borders,Northampton,3,39,Away,,,0,1
16/01/2004,Celtic Warriors,Wasps,12,17,Away,,,0,1
16/01/2004,Ospreys,Toulouse,11,29,Away,,,0,1
17/01/2004,Agen,Scarlets,22,15,Home,,,0,1
17/01/2004,Calvisano,Perpignan,11,17,Away,,,0,1
17/01/2004,Cardiff Blues,Biarritz,21,20,Home,,,0,1
17/01/2004,Leicester,Ulster,49,7,Home,,,0,1
17/01/2004,Munster,Gloucester,35,14,Home,,,0,1
18/01/2004,Bourgoin,Treviso,35,19,Home,,,0,1
18/01/2004,Leeds Tykes,Edinburgh,0,23,Away,,,0,1
18/01/2004,Sale Sharks,Leinster,16,23,Away,,,0,1
18/01/2004,Stade Francais,Dragons,37,0,Home,,,0,1
21/01/2004,Bourgoin,Gloucester,18,37,Away,,,0,1
23/01/2004,Agen,Northampton,6,19,Away,,,0,1
23/01/2004,Celtic Warriors,Perpignan,16,15,Home,,,0,1
23/01/2004,Edinburgh,Ospreys,33,15,Home,,,0,1
23/01/2004,Leinster,Cardiff Blues,20,17,Home,,,0,1
24/01/2004,Dragons,Leicester,20,26,Away,,,0,1
24/01/2004,Scarlets,Borders,53,7,Home,,,0,1
24/01/2004,Stade Francais,Ulster,13,10,Home,,,0,1
24/01/2004,Treviso,Munster,20,31,Away,,,0,1
25/01/2004,Leeds Tykes,Toulouse,22,31,Away,,,0,1
25/01/2004,Sale Sharks,Biarritz,0,15,Away,,,0,1
25/01/2004,Wasps,Calvisano,46,13,Home,,,0,1
30/01/2004,Leicester,Stade Francais,13,26,Away,,,0,1
30/01/2004,Ulster,Dragons,22,0,Home,,,0,1
31/01/2004,Biarritz,Leinster,32,21,Home,,,0,1
31/01/2004,Cardiff Blues,Sale Sharks,22,7,Home,,,0,1
31/01/2004,Gloucester,Treviso,42,11,Home,,,0,1
31/01/2004,Munster,Bourgoin,26,3,Home,,,0,1
31/01/2004,Ospreys,Leeds Tykes,10,3,Home,,,0,1
31/01/2004,Toulouse,Edinburgh,33,0,Home,,,0,1
01/02/2004,Borders,Agen,8,3,Home,,,0,1
01/02/2004,Calvisano,Celtic Warriors,26,28,Away,,,0,1
01/02/2004,Northampton,Scarlets,9,18,Away,,,0,1
01/02/2004,Perpignan,Wasps,6,34,Away,,,0,1
04/04/2004,Scarlets,Biarritz,10,27,Away,,,0,1
10/04/2004,Munster,Stade Francais,37,32,Home,,,0,1
10/04/2004,Toulouse,Edinburgh,36,10,Home,,,0,1
11/04/2004,Wasps,Gloucester,34,3,Home,,,0,1
24/04/2004,Toulouse,Biarritz,19,11,Home,,,0,1
25/04/2004,Munster,Wasps,32,37,Away,,,0,1
23/05/2004,Wasps,Toulouse,27,20,Home,,,0,1
22/10/2004,Perpignan,Edinburgh,23,0,Home,,,0,1
22/10/2004,Scarlets,Toulouse,6,9,Away,,,0,1
22/10/2004,Ulster,Cardiff Blues,21,16,Home,,,0,1
23/10/2004,Castres,Ospreys,38,17,Home,,,0,1
23/10/2004,Dragons,Newcastle,6,10,Away,,,0,1
23/10/2004,Leicester,Calvisano,37,6,Home,,,0,1
23/10/2004,Munster,Harlequins,15,9,Home,,,0,1
23/10/2004,Stade Francais,Gloucester,39,31,Home,,,0,1
23/10/2004,Treviso,Leinster,9,25,Away,,,0,1
24/10/2004,Glasgow,Northampton,9,13,Away,,,0,1
24/10/2004,Wasps,Biarritz,25,12,Home,,,0,1
26/10/2004,Bath,Bourgoin,22,12,Home,,,0,1
29/10/2004,Bourgoin,Treviso,0,34,Away,,,0,1
29/10/2004,Cardiff Blues,Stade Francais,15,38,Away,,,0,1
29/10/2004,Toulouse,Glasgow,43,17,Home,,,0,1
30/10/2004,Biarritz,Leicester,23,8,Home,,,0,1
30/10/2004,Calvisano,Wasps,22,31,Away,,,0,1
30/10/2004,Gloucester,Ulster,55,13,Home,,,0,1
30/10/2004,Harlequins,Castres,23,23,Draw,,,0,1
30/10/2004,Leinster,Bath,30,11,Home,,,0,1
30/10/2004,Northampton,Scarlets,25,3,Home,,,0,1
31/10/2004,Edinburgh,Dragons,13,17,Away,,,0,1
31/10/2004,Newcastle,Perpignan,19,14,Home,,,0,1
31/10/2004,Ospreys,Munster,18,20,Away,,,0,1
03/12/2004,Castres,Munster,19,12,Home,,,0,1
04/12/2004,Biarritz,Calvisano,41,10,Home,,,0,1
04/12/2004,Dragons,Perpignan,27,14,Home,,,0,1
04/12/2004,Gloucester,Cardiff Blues,23,19,Home,,,0,1
04/12/2004,Leinster,Bourgoin,92,17,Home,,,0,1
04/12/2004,Northampton,Toulouse,23,21,Home,,,0,1
04/12/2004,Stade Francais,Ulster,30,10,Home,,,0,1
04/12/2004,Treviso,Bath,29,23,Home,,,0,1
05/12/2004,Glasgow,Scarlets,26,29,Away,,,0,1
05/12/2004,Newcastle,Edinburgh,34,24,Home,,,0,1
05/12/2004,Ospreys,Harlequins,24,7,Home,,,0,1
05/12/2004,Wasps,Leicester,31,37,Away,,,0,1
10/12/2004,Bourgoin,Leinster,23,26,Away,,,0,1
11/12/2004,Bath,Treviso,47,7,Home,,,0,1
11/12/2004,Calvisano,Biarritz,17,48,Away,,,0,1
11/12/2004,Cardiff Blues,Gloucester,16,23,Away,,,0,1
11/12/2004,Edinburgh,Newcastle,10,13,Away,,,0,1
11/12/2004,Harlequins,Ospreys,19,46,Away,,,0,1
11/12/2004,Munster,Castres,36,8,Home,,,0,1
11/12/2004,Perpignan,Dragons,32,9,Home,,,0,1
11/12/2004,Toulouse,Northampton,25,12,Home,,,0,1
11/12/2004,Ulster,Stade Francais,18,10,Home,,,0,1
12/12/2004,Leicester,Wasps,35,27,Home,,,0,1
12/12/2004,Scarlets,Glasgow,38,22,Home,,,0,1
07/01/2005,Glasgow,Toulouse,10,30,Away,,,0,1
07/01/2005,Stade Francais,Cardiff Blues,35,16,Home,,,0,1
07/01/2005,Ulster,Gloucester,14,12,Home,,,0,1
08/01/2005,Bath,Leinster,23,27,Away,,,0,1
08/01/2005,Castres,Harlequins,58,13,Home,,,0,1
08/01/2005,Dragons,Edinburgh,48,5,Home,,,0,1
08/01/2005,Munster,Ospreys,20,10,Home,,,0,1
08/01/2005,Perpignan,Newcastle,33,12,Home,,,0,1
08/01/2005,Treviso,Bourgoin,40,29,Home,,,0,1
09/01/2005,Leicester,Biarritz,17,21,Away,,,0,1
09/01/2005,Scarlets,Northampton,20,22,Away,,,0,1
09/01/2005,Wasps,Calvisano,45,14,Home,,,0,1
14/01/2005,Northampton,Glasgow,33,23,Home,,,0,1
14/01/2005,Toulouse,Scarlets,53,36,Home,,,0,1
15/01/2005,Biarritz,Wasps,18,15,Home,,,0,1
15/01/2005,Bourgoin,Bath,17,23,Away,,,0,1
15/01/2005,Calvisano,Leicester,10,62,Away,,,0,1
15/01/2005,Harlequins,Munster,10,18,Away,,,0,1
15/01/2005,Leinster,Treviso,57,17,Home,,,0,1
15/01/2005,Ospreys,Castres,20,11,Home,,,0,1
16/01/2005,Cardiff Blues,Ulster,16,12,Home,,,0,1
16/01/2005,Edinburgh,Perpignan,40,17,Home,,,0,1
16/01/2005,Gloucester,Stade Francais,0,27,Away,,,0,1
16/01/2005,Newcastle,Dragons,25,17,Home,,,0,1
01/04/2005,Toulouse,Northampton,37,9,Home,,,0,1
02/04/2005,Leinster,Leicester,13,29,Away,,,0,1
02/04/2005,Stade Francais,Newcastle,48,8,Home,,,0,1
03/04/2005,Biarritz,Munster,19,10,Home,,,0,1
23/04/2005,Stade Francais,Biarritz,20,17,Home,,,0,1
24/04/2005,Leicester,Toulouse,19,27,Away,,,0,1
22/05/2005,Stade Francais,Toulouse,12,18,Away,,,0,1
21/10/2005,Bourgoin,Glasgow,16,3,Home,,,0,1
21/10/2005,Sale Sharks,Munster,27,13,Home,,,0,1
21/10/2005,Ulster,Treviso,27,0,Home,,,0,1
22/10/2005,Calvisano,Perpignan,6,25,Away,,,0,1
22/10/2005,Cardiff Blues,Leeds Tykes,40,13,Home,,,0,1
22/10/2005,Castres,Dragons,29,24,Home,,,0,1
22/10/2005,Leicester,Clermont Auvergne,57,23,Home,,,0,1
22/10/2005,Leinster,Bath,19,22,Away,,,0,1
22/10/2005,Toulouse,Scarlets,50,28,Home,,,0,1
23/10/2005,Edinburgh,Wasps,32,31,Home,,,0,1
23/10/2005,Ospreys,Stade Francais,13,8,Home,,,0,1
23/10/2005,Saracens,Biarritz,22,10,Home,,,0,1
28/10/2005,Dragons,Sale Sharks,11,38,Away,,,0,1
28/10/2005,Leeds Tykes,Calvisano,33,16,Home,,,0,1
28/10/2005,Perpignan,Cardiff Blues,37,14,Home,,,0,1
29/10/2005,Bath,Bourgoin,39,12,Home,,,0,1
29/10/2005,Biarritz,Ulster,33,19,Home,,,0,1
29/10/2005,Munster,Castres,42,16,Home,,,0,1
29/10/2005,Scarlets,Edinburgh,15,13,Home,,,0,1
29/10/2005,Stade Francais,Leicester,12,6,Home,,,0,1
29/10/2005,Treviso,Saracens,17,30,Away,,,0,1
30/10/2005,Clermont Auvergne,Ospreys,34,14,Home,,,0,1
30/10/2005,Glasgow,Leinster,20,33,Away,,,0,1
30/10/2005,Wasps,Toulouse,15,15,Draw,,,0,1
09/12/2005,Castres,Sale Sharks,16,20,Away,,,0,1
09/12/2005,Ulster,Saracens,19,10,Home,,,0,1
10/12/2005,Bath,Glasgow,31,26,Home,,,0,1
10/12/2005,Calvisano,Cardiff Blues,10,25,Away,,,0,1
10/12/2005,Clermont Auvergne,Stade Francais,12,16,Away,,,0,1
10/12/2005,Dragons,Munster,8,24,Away,,,0,1
10/12/2005,Edinburgh,Toulouse,13,20,Away,,,0,1
10/12/2005,Leinster,Bourgoin,53,7,Home,,,0,1
11/12/2005,Biarritz,Treviso,34,7,Home,,,0,1
11/12/2005,Leeds Tykes,Perpignan,21,20,Home,,,0,1
11/12/2005,Leicester,Ospreys,30,12,Home,,,0,1
11/12/2005,Scarlets,Wasps,21,13,Home,,,0,1
16/12/2005,Glasgow,Bath,10,29,Away,,,0,1
16/12/2005,Sale Sharks,Castres,35,3,Home,,,0,1
16/12/2005,Toulouse,Edinburgh,35,13,Home,,,0,1
17/12/2005,Bourgoin,Leinster,30,28,Home,,,0,1
17/12/2005,Cardiff Blues,Calvisano,43,16,Home,,,0,1
17/12/2005,Munster,Dragons,30,18,Home,,,0,1
17/12/2005,Perpignan,Leeds Tykes,12,8,Home,,,0,1
17/12/2005,Saracens,Ulster,18,10,Home,,,0,1
17/12/2005,Stade Francais,Clermont Auvergne,47,28,Home,,,0,1
17/12/2005,Treviso,Biarritz,24,38,Away,,,0,1
18/12/2005,Ospreys,Leicester,15,17,Away,,,0,1
18/12/2005,Wasps,Scarlets,48,14,Home,,,0,1
13/01/2006,Bourgoin,Bath,9,22,Away,,,0,1
13/01/2006,Castres,Munster,9,46,Away,,,0,1
13/01/2006,Ulster,Biarritz,8,24,Away,,,0,1
14/01/2006,Cardiff Blues,Perpignan,3,21,Away,,,0,1
14/01/2006,Edinburgh,Scarlets,33,32,Home,,,0,1
14/01/2006,Leinster,Glasgow,46,22,Home,,,0,1
14/01/2006,Ospreys,Clermont Auvergne,26,12,Home,,,0,1
14/01/2006,Toulouse,Wasps,19,13,Home,,,0,1
15/01/2006,Calvisano,Leeds Tykes,0,20,Away,,,0,1
15/01/2006,Leicester,Stade Francais,29,22,Home,,,0,1
15/01/2006,Sale Sharks,Dragons,30,10,Home,,,0,1
15/01/2006,Saracens,Treviso,35,30,Home,,,0,1
20/01/2006,Clermont Auvergne,Leicester,27,40,Away,,,0,1
20/01/2006,Stade Francais,Ospreys,43,10,Home,,,0,1
21/01/2006,Biarritz,Saracens,43,13,Home,,,0,1
21/01/2006,Dragons,Castres,28,17,Home,,,0,1
21/01/2006,Munster,Sale Sharks,31,9,Home,,,0,1
21/01/2006,Scarlets,Toulouse,42,49,Away,,,0,1
21/01/2006,Treviso,Ulster,26,43,Away,,,0,1
21/01/2006,Wasps,Edinburgh,53,17,Home,,,0,1
22/01/2006,Bath,Leinster,23,35,Away,,,0,1
22/01/2006,Glasgow,Bourgoin,50,35,Home,,,0,1
22/01/2006,Leeds Tykes,Cardiff Blues,48,3,Home,,,0,1
22/01/2006,Perpignan,Calvisano,45,0,Home,,,0,1
01/04/2006,Leicester,Bath,12,15,Away,,,0,1
01/04/2006,Munster,Perpignan,19,10,Home,,,0,1
01/04/2006,Toulouse,Leinster,35,41,Away,,,0,1
02/04/2006,Biarritz,Sale Sharks,11,6,Home,,,0,1
22/04/2006,Biarritz,Bath,18,9,Home,,,0,1
23/04/2006,Leinster,Munster,6,30,Away,,,0,1
20/05/2006,Biarritz,Munster,19,23,Away,,,0,1
20/10/2006,Agen,Edinburgh,19,17,Home,,,0,1
20/10/2006,Borders,Parma,35,3,Home,,,0,1
20/10/2006,London Irish,Scarlets,25,32,Away,,,0,1
20/10/2006,Ospreys,Sale Sharks,17,16,Home,,,0,1
21/10/2006,Bourgoin,Cardiff Blues,5,13,Away,,,0,1
21/10/2006,Calvisano,Stade Francais,10,45,Away,,,0,1
21/10/2006,Leinster,Gloucester,37,20,Home,,,0,1
21/10/2006,Treviso,Perpignan,10,25,Away,,,0,1
21/10/2006,Ulster,Toulouse,30,3,Home,,,0,1
22/10/2006,Biarritz,Northampton,22,10,Home,,,0,1
22/10/2006,Leicester,Munster,19,21,Away,,,0,1
22/10/2006,Wasps,Castres,19,13,Home,,,0,1
27/10/2006,Castres,Treviso,41,22,Home,,,0,1
27/10/2006,Sale Sharks,Calvisano,67,11,Home,,,0,1
27/10/2006,Scarlets,Ulster,21,15,Home,,,0,1
28/10/2006,Gloucester,Agen,26,32,Away,,,0,1
28/10/2006,Munster,Bourgoin,41,23,Home,,,0,1
28/10/2006,Northampton,Borders,37,13,Home,,,0,1
28/10/2006,Parma,Biarritz,7,50,Away,,,0,1
28/10/2006,Perpignan,Wasps,19,12,Home,,,0,1
28/10/2006,Stade Francais,Ospreys,27,14,Home,,,0,1
29/10/2006,Cardiff Blues,Leicester,17,21,Away,,,0,1
29/10/2006,Edinburgh,Leinster,25,24,Home,,,0,1
29/10/2006,Toulouse,London Irish,37,17,Home,,,0,1
08/12/2006,Bourgoin,Leicester,13,28,Away,,,0,1
09/12/2006,Borders,Biarritz,0,25,Away,,,0,1
09/12/2006,Calvisano,Ospreys,27,50,Away,,,0,1
09/12/2006,Castres,Perpignan,36,28,Home,,,0,1
09/12/2006,Gloucester,Edinburgh,38,22,Home,,,0,1
09/12/2006,Leinster,Agen,26,10,Home,,,0,1
09/12/2006,London Irish,Ulster,29,13,Home,,,0,1
09/12/2006,Parma,Northampton,21,68,Away,,,0,1
09/12/2006,Scarlets,Toulouse,20,19,Home,,,0,1
10/12/2006,Cardiff Blues,Munster,12,22,Away,,,0,1
10/12/2006,Stade Francais,Sale Sharks,27,16,Home,,,0,1
10/12/2006,Wasps,Treviso,55,0,Home,,,0,1
15/12/2006,Ospreys,Calvisano,26,9,Home,,,0,1
15/12/2006,Perpignan,Castres,30,3,Home,,,0,1
15/12/2006,Ulster,London Irish,29,13,Home,,,0,1
16/12/2006,Agen,Leinster,13,25,Away,,,0,1
16/12/2006,Leicester,Bourgoin,57,3,Home,,,0,1
16/12/2006,Northampton,Parma,36,0,Home,,,0,1
16/12/2006,Toulouse,Scarlets,34,41,Away,,,0,1
16/12/2006,Treviso,Wasps,5,71,Away,,,0,1
17/12/2006,Biarritz,Borders,27,17,Home,,,0,1
17/12/2006,Edinburgh,Gloucester,14,31,Away,,,0,1
17/12/2006,Munster,Cardiff Blues,32,18,Home,,,0,1
17/12/2006,Sale Sharks,Stade Francais,12,6,Home,,,0,1
12/01/2007,Agen,Gloucester,26,18,Home,,,0,1
12/01/2007,Biarritz,Parma,45,3,Home,,,0,1
13/01/2007,Calvisano,Sale Sharks,11,29,Away,,,0,1
13/01/2007,Leicester,Cardiff Blues,34,0,Home,,,0,1
13/01/2007,Leinster,Edinburgh,49,10,Home,,,0,1
13/01/2007,London Irish,Toulouse,24,26,Away,,,0,1
13/01/2007,Treviso,Castres,21,40,Away,,,0,1
13/01/2007,Ulster,Scarlets,11,35,Away,,,0,1
13/01/2007,Wasps,Perpignan,22,14,Home,,,0,1
14/01/2007,Borders,Northampton,19,29,Away,,,0,1
14/01/2007,Bourgoin,Munster,27,30,Away,,,0,1
14/01/2007,Ospreys,Stade Francais,22,22,Draw,,,0,1
19/01/2007,Edinburgh,Agen,7,19,Away,,,0,1
19/01/2007,Gloucester,Leinster,19,13,Home,,,0,1
20/01/2007,Cardiff Blues,Bourgoin,27,24,Home,,,0,1
20/01/2007,Castres,Wasps,13,16,Away,,,0,1
20/01/2007,Munster,Leicester,6,13,Away,,,0,1
20/01/2007,Perpignan,Treviso,45,25,Home,,,0,1
20/01/2007,Sale Sharks,Ospreys,7,18,Away,,,0,1
20/01/2007,Stade Francais,Calvisano,47,6,Home,,,0,1
21/01/2007,Northampton,Biarritz,8,17,Away,,,0,1
21/01/2007,Parma,Borders,45,37,Home,,,0,1
21/01/2007,Scarlets,London Irish,20,16,Home,,,0,1
21/01/2007,Toulouse,Ulster,28,13,Home,,,0,1
30/03/2007,Scarlets,Munster,24,15,Home,,,0,1
31/03/2007,Wasps,Leinster,35,13,Home,,,0,1
01/04/2007,Biarritz,Northampton,6,7,Away,,,0,1
01/04/2007,Leicester,Stade Francais,21,20,Home,,,0,1
21/04/2007,Leicester,Scarlets,33,17,Home,,,0,1
22/04/2007,Northampton,Wasps,13,30,Away,,,0,1
18/05/2007,Dragons,Calvisano,22,15,Home,,,0,1
20/05/2007,Leicester,Wasps,9,25,Away,,,0,1
09/11/2007,Perpignan,Dragons,23,19,Home,,,0,1
09/11/2007,Ulster,Gloucester,14,32,Away,,,0,1
10/11/2007,Leinster,Leicester,22,9,Home,,,0,1
10/11/2007,London Irish,Treviso,42,9,Home,,,0,1
10/11/2007,Ospreys,Bourgoin,22,15,Home,,,0,1
10/11/2007,Stade Francais,Harlequins,37,17,Home,,,0,1
10/11/2007,Viadana,Biarritz,11,19,Away,,,0,1
10/11/2007,Wasps,Munster,24,23,Home,,,0,1
11/11/2007,Cardiff Blues,Bristol,34,18,Home,,,0,1
11/11/2007,Clermont Auvergne,Scarlets,48,21,Home,,,0,1
11/11/2007,Edinburgh,Toulouse,15,19,Away,,,0,1
11/11/2007,Saracens,Glasgow,33,31,Home,,,0,1
16/11/2007,Bourgoin,Ulster,24,17,Home,,,0,1
16/11/2007,Glasgow,Viadana,41,31,Home,,,0,1
16/11/2007,Gloucester,Ospreys,26,18,Home,,,0,1
17/11/2007,Biarritz,Saracens,22,21,Home,,,0,1
17/11/2007,Dragons,London Irish,17,45,Away,,,0,1
17/11/2007,Harlequins,Cardiff Blues,13,13,Draw,,,0,1
17/11/2007,Leicester,Edinburgh,39,0,Home,,,0,1
17/11/2007,Scarlets,Wasps,17,33,Away,,,0,1
17/11/2007,Treviso,Perpignan,17,29,Away,,,0,1
18/11/2007,Bristol,Stade Francais,17,0,Home,,,0,1
18/11/2007,Munster,Clermont Auvergne,36,13,Home,,,0,1
18/11/2007,Toulouse,Leinster,33,6,Home,,,0,1
07/12/2007,Bourgoin,Gloucester,7,31,Away,,,0,1
07/12/2007,Leinster,Edinburgh,28,14,Home,,,0,1
07/12/2007,Ospreys,Ulster,48,17,Home,,,0,1
08/12/2007,Clermont Auvergne,Wasps,37,27,Home,,,0,1
08/12/2007,Harlequins,Bristol,3,17,Away,,,0,1
08/12/2007,Leicester,Toulouse,14,9,Home,,,0,1
08/12/2007,Saracens,Viadana,71,7,Home,,,0,1
08/12/2007,Scarlets,Munster,16,29,Away,,,0,1
08/12/2007,Treviso,Dragons,33,35,Away,,,0,1
09/12/2007,Glasgow,Biarritz,9,6,Home,,,0,1
09/12/2007,London Irish,Perpignan,24,16,Home,,,0,1
09/12/2007,Stade Francais,Cardiff Blues,12,6,Home,,,0,1
14/12/2007,Biarritz,Glasgow,21,14,Home,,,0,1
14/12/2007,Ulster,Ospreys,8,16,Away,,,0,1
15/12/2007,Cardiff Blues,Stade Francais,31,21,Home,,,0,1
15/12/2007,Dragons,Treviso,22,24,Away,,,0,1
15/12/2007,Edinburgh,Leinster,29,10,Home,,,0,1
15/12/2007,Gloucester,Bourgoin,51,27,Home,,,0,1
15/12/2007,Perpignan,London Irish,23,6,Home,,,0,1
15/12/2007,Viadana,Saracens,26,34,Away,,,0,1
15/12/2007,Wasps,Clermont Auvergne,25,24,Home,,,0,1
16/12/2007,Bristol,Harlequins,20,7,Home,,,0,1
16/12/2007,Munster,Scarlets,22,13,Home,,,0,1
16/12/2007,Toulouse,Leicester,22,11,Home,,,0,1
11/01/2008,Cardiff Blues,Harlequins,23,12,Home,,,0,1
11/01/2008,Stade Francais,Bristol,19,11,Home,,,0,1
11/01/2008,Ulster,Bourgoin,25,24,Home,,,0,1
12/01/2008,Edinburgh,Leicester,17,12,Home,,,0,1
12/01/2008,Leinster,Toulouse,20,13,Home,,,0,1
12/01/2008,London Irish,Dragons,41,24,Home,,,0,1
12/01/2008,Ospreys,Gloucester,32,15,Home,,,0,1
12/01/2008,Perpignan,Treviso,55,13,Home,,,0,1
12/01/2008,Saracens,Biarritz,45,16,Home,,,0,1
12/01/2008,Viadana,Glasgow,15,18,Away,,,0,1
13/01/2008,Clermont Auvergne,Munster,26,19,Home,,,0,1
13/01/2008,Wasps,Scarlets,40,7,Home,,,0,1
18/01/2008,Biarritz,Viadana,25,16,Home,,,0,1
18/01/2008,Glasgow,Saracens,17,21,Away,,,0,1
19/01/2008,Dragons,Perpignan,0,25,Away,,,0,1
19/01/2008,Leicester,Leinster,25,9,Home,,,0,1
19/01/2008,Munster,Wasps,19,3,Home,,,0,1
19/01/2008,Scarlets,Clermont Auvergne,0,41,Away,,,0,1
19/01/2008,Toulouse,Edinburgh,34,10,Home,,,0,1
19/01/2008,Treviso,London Irish,11,24,Away,,,0,1
20/01/2008,Bourgoin,Ospreys,21,28,Away,,,0,1
20/01/2008,Bristol,Cardiff Blues,0,17,Away,,,0,1
20/01/2008,Gloucester,Ulster,29,21,Home,,,0,1
20/01/2008,Harlequins,Stade Francais,10,31,Away,,,0,1
05/04/2008,Gloucester,Munster,3,16,Away,,,0,1
05/04/2008,London Irish,Perpignan,20,9,Home,,,0,1
06/04/2008,Saracens,Ospreys,19,10,Home,,,0,1
06/04/2008,Toulouse,Cardiff Blues,41,17,Home,,,0,1
26/04/2008,London Irish,Toulouse,15,21,Away,,,0,1
27/04/2008,Saracens,Munster,16,18,Away,,,0,1
24/05/2008,Toulouse,Munster,13,16,Away,,,0,1
10/10/2008,Munster,Montauban,19,17,Home,,,0,1
10/10/2008,Perpignan,Treviso,27,16,Home,,,0,1
11/10/2008,Calvisano,Cardiff Blues,20,56,Away,,,0,1
11/10/2008,Clermont Auvergne,Sale Sharks,15,32,Away,,,0,1
11/10/2008,Dragons,Glasgow,32,22,Home,,,0,1
11/10/2008,Edinburgh,Leinster,16,27,Away,,,0,1
11/10/2008,Gloucester,Biarritz,22,10,Home,,,0,1
11/10/2008,Scarlets,Harlequins,22,29,Away,,,0,1
11/10/2008,Ulster,Stade Francais,10,26,Away,,,0,1
12/10/2008,Leicester,Ospreys,12,6,Home,,,0,1
12/10/2008,Toulouse,Bath,18,16,Home,,,0,1
12/10/2008,Wasps,Castres,25,11,Home,,,0,1
17/10/2008,Glasgow,Toulouse,16,22,Away,,,0,1
18/10/2008,Biarritz,Calvisano,41,10,Home,,,0,1
18/10/2008,Castres,Edinburgh,6,13,Away,,,0,1
18/10/2008,Harlequins,Ulster,42,21,Home,,,0,1
18/10/2008,Leinster,Wasps,41,11,Home,,,0,1
18/10/2008,Ospreys,Perpignan,15,9,Home,,,0,1
18/10/2008,Stade Francais,Scarlets,37,15,Home,,,0,1
18/10/2008,Treviso,Leicester,16,60,Away,,,0,1
19/10/2008,Bath,Dragons,13,9,Home,,,0,1
19/10/2008,Cardiff Blues,Gloucester,37,24,Home,,,0,1
19/10/2008,Montauban,Clermont Auvergne,19,24,Away,,,0,1
19/10/2008,Sale Sharks,Munster,16,24,Away,,,0,1
05/12/2008,Cardiff Blues,Biarritz,21,17,Home,,,0,1
05/12/2008,Edinburgh,Wasps,16,25,Away,,,0,1
05/12/2008,Sale Sharks,Montauban,36,6,Home,,,0,1
05/12/2008,Ulster,Scarlets,26,16,Home,,,0,1
06/12/2008,Calvisano,Gloucester,17,40,Away,,,0,1
06/12/2008,Leicester,Perpignan,38,27,Home,,,0,1
06/12/2008,Leinster,Castres,33,3,Home,,,0,1
06/12/2008,Ospreys,Treviso,68,8,Home,,,0,1
06/12/2008,Stade Francais,Harlequins,10,15,Away,,,0,1
06/12/2008,Toulouse,Dragons,26,7,Home,,,0,1
07/12/2008,Bath,Glasgow,35,31,Home,,,0,1
07/12/2008,Clermont Auvergne,Munster,25,19,Home,,,0,1
12/12/2008,Castres,Leinster,18,15,Home,,,0,1
12/12/2008,Scarlets,Ulster,16,16,Draw,,,0,1
13/12/2008,Biarritz,Cardiff Blues,6,10,Away,,,0,1
13/12/2008,Dragons,Toulouse,13,26,Away,,,0,1
13/12/2008,Gloucester,Calvisano,48,5,Home,,,0,1
13/12/2008,Harlequins,Stade Francais,19,17,Home,,,0,1
13/12/2008,Montauban,Sale Sharks,16,12,Home,,,0,1
13/12/2008,Munster,Clermont Auvergne,23,13,Home,,,0,1
13/12/2008,Treviso,Ospreys,16,36,Away,,,0,1
14/12/2008,Glasgow,Bath,19,25,Away,,,0,1
14/12/2008,Perpignan,Leicester,26,20,Home,,,0,1
14/12/2008,Wasps,Edinburgh,19,11,Home,,,0,1
16/01/2009,Clermont Auvergne,Montauban,43,10,Home,,,0,1
16/01/2009,Edinburgh,Castres,32,14,Home,,,0,1
16/01/2009,Munster,Sale Sharks,37,14,Home,,,0,1
16/01/2009,Wasps,Leinster,19,12,Home,,,0,1
17/01/2009,Calvisano,Biarritz,15,23,Away,,,0,1
17/01/2009,Leicester,Treviso,52,0,Home,,,0,1
17/01/2009,Perpignan,Ospreys,17,15,Home,,,0,1
17/01/2009,Scarlets,Stade Francais,31,17,Home,,,0,1
17/01/2009,Toulouse,Glasgow,26,33,Away,,,0,1
17/01/2009,Ulster,Harlequins,21,10,Home,,,0,1
18/01/2009,Dragons,Bath,12,15,Away,,,0,1
18/01/2009,Gloucester,Cardiff Blues,12,16,Away,,,0,1
23/01/2009,Biarritz,Gloucester,24,10,Home,,,0,1
23/01/2009,Cardiff Blues,Calvisano,62,20,Home,,,0,1
24/01/2009,Harlequins,Scarlets,29,24,Home,,,0,1
24/01/2009,Leinster,Edinburgh,12,3,Home,,,0,1
24/01/2009,Ospreys,Leicester,15,9,Home,,,0,1
24/01/2009,Sale Sharks,Clermont Auvergne,26,17,Home,,,0,1
24/01/2009,Stade Francais,Ulster,24,19,Home,,,0,1
24/01/2009,Treviso,Perpignan,16,48,Away,,,0,1
25/01/2009,Bath,Toulouse,3,3,Draw,,,0,1
25/01/2009,Castres,Wasps,21,15,Home,,,0,1
25/01/2009,Glasgow,Dragons,13,10,Home,,,0,1
25/01/2009,Montauban,Munster,13,39,Away,,,0,1
11/04/2009,Cardiff Blues,Toulouse,9,6,Home,,,0,1
11/04/2009,Leicester,Bath,20,15,Home,,,0,1
12/04/2009,Harlequins,Leinster,5,6,Away,,,0,1
12/04/2009,Munster,Ospreys,43,9,Home,,,0,1
02/05/2009,Munster,Leinster,6,25,Away,,,0,1
03/05/2009,Cardiff Blues,Leicester,26,26,Draw,,,0,1
23/05/2009,Leicester,Leinster,16,19,Away,,,0,1
09/10/2009,Gloucester,Dragons,19,17,Home,,,0,1
09/10/2009,Leinster,London Irish,9,12,Away,,,0,1
09/10/2009,Ulster,Bath,26,12,Home,,,0,1
10/10/2009,Cardiff Blues,Harlequins,20,6,Home,,,0,1
10/10/2009,Clermont Auvergne,Viadana,36,18,Home,,,0,1
10/10/2009,Glasgow,Biarritz,18,22,Away,,,0,1
10/10/2009,Northampton,Munster,31,27,Home,,,0,1
10/10/2009,Scarlets,Brive,24,12,Home,,,0,1
10/10/2009,Stade Francais,Edinburgh,31,7,Home,,,0,1
10/10/2009,Treviso,Perpignan,9,8,Home,,,0,1
11/10/2009,Leicester,Ospreys,32,32,Draw,,,0,1
11/10/2009,Toulouse,Sale Sharks,36,17,Home,,,0,1
16/10/2009,Dragons,Glasgow,22,14,Home,,,0,1
16/10/2009,Perpignan,Northampton,29,13,Home,,,0,1
16/10/2009,Sale Sharks,Cardiff Blues,27,26,Home,,,0,1
17/10/2009,Biarritz,Gloucester,42,15,Home,,,0,1
17/10/2009,Brive,Leinster,13,36,Away,,,0,1
17/10/2009,Edinburgh,Ulster,17,13,Home,,,0,1
17/10/2009,Harlequins,Toulouse,19,23,Away,,,0,1
17/10/2009,London Irish,Scarlets,25,27,Away,,,0,1
17/10/2009,Munster,Treviso,41,10,Home,,,0,1
17/10/2009,Viadana,Leicester,11,46,Away,,,0,1
18/10/2009,Bath,Stade Francais,27,29,Away,,,0,1
18/10/2009,Ospreys,Clermont Auvergne,25,24,Home,,,0,1
11/12/2009,Glasgow,Gloucester,33,11,Home,,,0,1
11/12/2009,Munster,Perpignan,24,23,Home,,,0,1
12/12/2009,Brive,London Irish,3,36,Away,,,0,1
12/12/2009,Cardiff Blues,Toulouse,15,9,Home,,,0,1
12/12/2009,Northampton,Treviso,30,18,Home,,,0,1
12/12/2009,Scarlets,Leinster,7,32,Away,,,0,1
12/12/2009,Ulster,Stade Francais,23,13,Home,,,0,1
12/12/2009,Viadana,Ospreys,7,62,Away,,,0,1
13/12/2009,Bath,Edinburgh,16,9,Home,,,0,1
13/12/2009,Biarritz,Dragons,49,13,Home,,,0,1
13/12/2009,Clermont Auvergne,Leicester,40,30,Home,,,0,1
13/12/2009,Harlequins,Sale Sharks,19,29,Away,,,0,1
19/12/2009,Dragons,Biarritz,8,26,Away,,,0,1
19/12/2009,Edinburgh,Bath,9,6,Home,,,0,1
19/12/2009,Leicester,Clermont Auvergne,20,15,Home,,,0,1
19/12/2009,Leinster,Scarlets,39,7,Home,,,0,1
19/12/2009,London Irish,Brive,34,13,Home,,,0,1
19/12/2009,Ospreys,Viadana,45,19,Home,,,0,1
19/12/2009,Toulouse,Cardiff Blues,23,7,Home,,,0,1
19/12/2009,Treviso,Northampton,18,21,Away,,,0,1
20/12/2009,Gloucester,Glasgow,19,6,Home,,,0,1
20/12/2009,Perpignan,Munster,14,37,Away,,,0,1
20/12/2009,Sale Sharks,Harlequins,21,17,Home,,,0,1
20/12/2009,Stade Francais,Ulster,29,16,Home,,,0,1
15/01/2010,Glasgow,Dragons,29,25,Home,,,0,1
15/01/2010,Ulster,Edinburgh,21,13,Home,,,0,1
16/01/2010,Cardiff Blues,Sale Sharks,36,19,Home,,,0,1
16/01/2010,Clermont Auvergne,Ospreys,27,7,Home,,,0,1
16/01/2010,Gloucester,Biarritz,23,8,Home,,,0,1
16/01/2010,Leicester,Viadana,47,8,Home,,,0,1
16/01/2010,Leinster,Brive,27,10,Home,,,0,1
16/01/2010,Stade Francais,Bath,15,13,Home,,,0,1
16/01/2010,Treviso,Munster,7,44,Away,,,0,1
17/01/2010,Northampton,Perpignan,34,0,Home,,,0,1
17/01/2010,Scarlets,London Irish,31,22,Home,,,0,1
17/01/2010,Toulouse,Harlequins,33,21,Home,,,0,1
22/01/2010,Munster,Northampton,12,9,Home,,,0,1
22/01/2010,Perpignan,Treviso,34,6,Home,,,0,1
23/01/2010,Bath,Ulster,10,28,Away,,,0,1
23/01/2010,Brive,Scarlets,17,20,Away,,,0,1
23/01/2010,Edinburgh,Stade Francais,9,7,Home,,,0,1
23/01/2010,London Irish,Leinster,11,11,Draw,,,0,1
23/01/2010,Ospreys,Leicester,17,12,Home,,,0,1
23/01/2010,Viadana,Clermont Auvergne,20,59,Away,,,0,1
24/01/2010,Biarritz,Glasgow,41,20,Home,,,0,1
24/01/2010,Dragons,Gloucester,23,32,Away,,,0,1
24/01/2010,Harlequins,Cardiff Blues,20,45,Away,,,0,1
24/01/2010,Sale Sharks,Toulouse,13,19,Away,,,0,1
09/04/2010,Leinster,Clermont Auvergne,29,28,Home,,,0,1
10/04/2010,Biarritz,Ospreys,29,28,Home,,,0,1
10/04/2010,Munster,Northampton,33,19,Home,,,0,1
11/04/2010,Toulouse,Stade Francais,42,16,Home,,,0,1
01/05/2010,Toulouse,Leinster,26,16,Home,,,0,1
02/05/2010,Biarritz,Munster,18,7,Home,,,0,1
22/05/2010,Biarritz,Toulouse,19,21,Away,,,0,1
08/10/2010,Glasgow,Dragons,21,13,Home,,,0,1
08/10/2010,Northampton,Castres,18,14,Home,,,0,1
08/10/2010,Ulster,Aironi,30,6,Home,,,0,1
09/10/2010,Cardiff Blues,Edinburgh,18,17,Home,,,0,1
09/10/2010,Clermont Auvergne,Saracens,25,10,Home,,,0,1
09/10/2010,Leinster,Racing 92,38,22,Home,,,0,1
09/10/2010,London Irish,Munster,23,17,Home,,,0,1
09/10/2010,Scarlets,Perpignan,43,34,Home,,,0,1
09/10/2010,Toulon,Ospreys,19,14,Home,,,0,1
09/10/2010,Treviso,Leicester,29,34,Away,,,0,1
10/10/2010,Bath,Biarritz,11,12,Away,,,0,1
10/10/2010,Toulouse,Wasps,18,16,Home,,,0,1
15/10/2010,Castres,Cardiff Blues,27,20,Home,,,0,1
15/10/2010,Ospreys,London Irish,27,16,Home,,,0,1
16/10/2010,Aironi,Bath,6,22,Away,,,0,1
16/10/2010,Dragons,Toulouse,19,40,Away,,,0,1
16/10/2010,Edinburgh,Northampton,27,31,Away,,,0,1
16/10/2010,Munster,Toulon,45,18,Home,,,0,1
16/10/2010,Racing 92,Clermont Auvergne,16,9,Home,,,0,1
16/10/2010,Saracens,Leinster,23,25,Away,,,0,1
17/10/2010,Biarritz,Ulster,35,15,Home,,,0,1
17/10/2010,Leicester,Scarlets,46,10,Home,,,0,1
17/10/2010,Perpignan,Treviso,35,14,Home,,,0,1
17/10/2010,Wasps,Glasgow,38,26,Home,,,0,1
10/12/2010,Glasgow,Toulouse,16,28,Away,,,0,1
11/12/2010,Aironi,Biarritz,28,27,Home,,,0,1
11/12/2010,Castres,Edinburgh,21,16,Home,,,0,1
11/12/2010,Northampton,Cardiff Blues,23,15,Home,,,0,1
11/12/2010,Perpignan,Leicester,24,19,Home,,,0,1
11/12/2010,Saracens,Racing 92,21,24,Away,,,0,1
11/12/2010,Scarlets,Treviso,35,27,Home,,,0,1
11/12/2010,Ulster,Bath,22,18,Home,,,0,1
12/12/2010,Clermont Auvergne,Leinster,20,13,Home,,,0,1
12/12/2010,Dragons,Wasps,16,23,Away,,,0,1
12/12/2010,London Irish,Toulon,13,19,Away,,,0,1
12/12/2010,Munster,Ospreys,22,16,Home,,,0,1
17/12/2010,Biarritz,Aironi,34,3,Home,,,0,1
17/12/2010,Racing 92,Saracens,14,19,Away,,,0,1
18/12/2010,Bath,Ulster,22,26,Away,,,0,1
18/12/2010,Leinster,Clermont Auvergne,24,8,Home,,,0,1
18/12/2010,Ospreys,Munster,19,15,Home,,,0,1
18/12/2010,Toulon,London Irish,38,17,Home,,,0,1
18/12/2010,Treviso,Scarlets,15,38,Away,,,0,1
19/12/2010,Cardiff Blues,Northampton,19,23,Away,,,0,1
19/12/2010,Leicester,Perpignan,22,22,Draw,,,0,1
19/12/2010,Wasps,Dragons,37,10,Home,,,0,1
20/12/2010,Edinburgh,Castres,24,22,Home,,,0,1
21/12/2010,Toulouse,Glasgow,36,10,Home,,,0,1
14/01/2011,Cardiff Blues,Castres,14,9,Home,,,0,1
14/01/2011,Clermont Auvergne,Racing 92,28,17,Home,,,0,1
14/01/2011,Northampton,Edinburgh,37,0,Home,,,0,1
15/01/2011,Bath,Aironi,55,16,Home,,,0,1
15/01/2011,Leinster,Saracens,43,20,Home,,,0,1
15/01/2011,Scarlets,Leicester,18,32,Away,,,0,1
15/01/2011,Toulouse,Dragons,17,3,Home,,,0,1
15/01/2011,Treviso,Perpignan,9,44,Away,,,0,1
15/01/2011,Ulster,Biarritz,9,6,Home,,,0,1
16/01/2011,Glasgow,Wasps,20,10,Home,,,0,1
16/01/2011,London Irish,Ospreys,24,12,Home,,,0,1
16/01/2011,Toulon,Munster,32,16,Home,,,0,1
21/01/2011,Racing 92,Leinster,11,36,Away,,,0,1
21/01/2011,Saracens,Clermont Auvergne,14,24,Away,,,0,1
22/01/2011,Aironi,Ulster,6,43,Away,,,0,1
22/01/2011,Biarritz,Bath,26,19,Home,,,0,1
22/01/2011,Castres,Northampton,12,23,Away,,,0,1
22/01/2011,Edinburgh,Cardiff Blues,14,21,Away,,,0,1
22/01/2011,Munster,London Irish,28,14,Home,,,0,1
22/01/2011,Ospreys,Toulon,29,17,Home,,,0,1
23/01/2011,Dragons,Glasgow,16,23,Away,,,0,1
23/01/2011,Leicester,Treviso,62,15,Home,,,0,1
23/01/2011,Perpignan,Scarlets,37,5,Home,,,0,1
23/01/2011,Wasps,Toulouse,21,16,Home,,,0,1
09/04/2011,Leinster,Leicester,17,10,Home,,,0,1
09/04/2011,Perpignan,Toulon,29,25,Home,,,0,1
10/04/2011,Biarritz,Toulouse,20,27,Away,,,0,1
10/04/2011,Northampton,Ulster,23,13,Home,,,0,1
30/04/2011,Leinster,Toulouse,32,23,Home,,,0,1
01/05/2011,Northampton,Perpignan,23,7,Home,,,0,1
21/05/2011,Northampton,Leinster,22,33,Away,,,0,1
11/11/2011,Harlequins,Connacht,25,17,Home,,,0,1
11/11/2011,Racing 92,Cardiff Blues,20,26,Away,,,0,1
12/11/2011,Aironi,Leicester,12,28,Away,,,0,1
12/11/2011,London Irish,Edinburgh,19,20,Away,,,0,1
12/11/2011,Montpellier,Leinster,16,16,Draw,,,0,1
12/11/2011,Munster,Northampton,23,21,Home,,,0,1
12/11/2011,Ospreys,Biarritz,28,21,Home,,,0,1
12/11/2011,Scarlets,Castres,31,23,Home,,,0,1
12/11/2011,Ulster,Clermont Auvergne,16,11,Home,,,0,1
13/11/2011,Glasgow,Bath,26,21,Home,,,0,1
13/11/2011,Saracens,Treviso,42,17,Home,,,0,1
13/11/2011,Toulouse,Gloucester,21,17,Home,,,0,1
18/11/2011,Cardiff Blues,London Irish,24,18,Home,,,0,1
18/11/2011,Clermont Auvergne,Aironi,54,3,Home,,,0,1
18/11/2011,Edinburgh,Racing 92,48,47,Home,,,0,1
18/11/2011,Northampton,Scarlets,23,28,Away,,,0,1
19/11/2011,Biarritz,Saracens,15,10,Home,,,0,1
19/11/2011,Castres,Munster,24,27,Away,,,0,1
19/11/2011,Connacht,Toulouse,10,36,Away,,,0,1
19/11/2011,Gloucester,Harlequins,9,28,Away,,,0,1
19/11/2011,Leicester,Ulster,20,9,Home,,,0,1
19/11/2011,Treviso,Ospreys,26,26,Draw,,,0,1
20/11/2011,Bath,Montpellier,16,13,Home,,,0,1
20/11/2011,Leinster,Glasgow,38,13,Home,,,0,1
09/12/2011,Cardiff Blues,Edinburgh,25,8,Home,,,0,1
09/12/2011,Harlequins,Toulouse,10,21,Away,,,0,1
09/12/2011,Ulster,Aironi,31,10,Home,,,0,1
10/12/2011,Castres,Northampton,41,22,Home,,,0,1
10/12/2011,Connacht,Gloucester,10,14,Away,,,0,1
10/12/2011,Racing 92,London Irish,14,34,Away,,,0,1
10/12/2011,Saracens,Ospreys,31,26,Home,,,0,1
10/12/2011,Scarlets,Munster,14,17,Away,,,0,1
10/12/2011,Treviso,Biarritz,30,26,Home,,,0,1
11/12/2011,Bath,Leinster,13,18,Away,,,0,1
11/12/2011,Clermont Auvergne,Leicester,30,12,Home,,,0,1
11/12/2011,Glasgow,Montpellier,20,15,Home,,,0,1
16/12/2011,Biarritz,Treviso,29,12,Home,,,0,1
16/12/2011,Edinburgh,Cardiff Blues,19,12,Home,,,0,1
16/12/2011,Ospreys,Saracens,13,16,Away,,,0,1
17/12/2011,Aironi,Ulster,20,46,Away,,,0,1
17/12/2011,Gloucester,Connacht,23,19,Home,,,0,1
17/12/2011,Leicester,Clermont Auvergne,23,19,Home,,,0,1
17/12/2011,Leinster,Bath,52,27,Home,,,0,1
17/12/2011,London Irish,Racing 92,19,25,Away,,,0,1
17/12/2011,Montpellier,Glasgow,13,13,Draw,,,0,1
18/12/2011,Munster,Scarlets,19,13,Home,,,0,1
18/12/2011,Northampton,Castres,45,0,Home,,,0,1
18/12/2011,Toulouse,Harlequins,24,31,Away,,,0,1
13/01/2012,Ospreys,Treviso,44,17,Home,,,0,1
13/01/2012,Racing 92,Edinburgh,24,27,Away,,,0,1
13/01/2012,Ulster,Leicester,41,7,Home,,,0,1
14/01/2012,Aironi,Clermont Auvergne,0,82,Away,,,0,1
14/01/2012,Harlequins,Gloucester,20,14,Home,,,0,1
14/01/2012,London Irish,Cardiff Blues,15,22,Away,,,0,1
14/01/2012,Montpellier,Bath,24,22,Home,,,0,1
14/01/2012,Munster,Castres,26,10,Home,,,0,1
14/01/2012,Scarlets,Northampton,17,29,Away,,,0,1
14/01/2012,Toulouse,Connacht,24,3,Home,,,0,1
15/01/2012,Glasgow,Leinster,16,23,Away,,,0,1
15/01/2012,Saracens,Biarritz,20,16,Home,,,0,1
20/01/2012,Connacht,Harlequins,9,8,Home,,,0,1
20/01/2012,Gloucester,Toulouse,34,24,Home,,,0,1
21/01/2012,Bath,Glasgow,23,18,Home,,,0,1
21/01/2012,Castres,Scarlets,13,16,Away,,,0,1
21/01/2012,Clermont Auvergne,Ulster,19,15,Home,,,0,1
21/01/2012,Leicester,Aironi,33,6,Home,,,0,1
21/01/2012,Leinster,Montpellier,25,3,Home,,,0,1
21/01/2012,Northampton,Munster,36,51,Away,,,0,1
22/01/2012,Biarritz,Ospreys,36,5,Home,,,0,1
22/01/2012,Cardiff Blues,Racing 92,36,30,Home,,,0,1
22/01/2012,Edinburgh,London Irish,34,11,Home,,,0,1
22/01/2012,Treviso,Saracens,20,26,Away,,,0,1
07/04/2012,Edinburgh,Toulouse,19,14,Home,,,0,1
07/04/2012,Leinster,Cardiff Blues,34,3,Home,,,0,1
08/04/2012,Munster,Ulster,16,22,Away,,,0,1
08/04/2012,Saracens,Clermont Auvergne,3,22,Away,,,0,1
28/04/2012,Ulster,Edinburgh,22,19,Home,,,0,1
29/04/2012,Clermont Auvergne,Leinster,15,19,Away,,,0,1
19/05/2012,Leinster,Ulster,42,14,Home,,,0,1
12/10/2012,Ospreys,Treviso,38,17,Home,,,0,1
12/10/2012,Ulster,Castres,41,17,Home,,,0,1
13/10/2012,Clermont Auvergne,Scarlets,49,16,Home,,,0,1
13/10/2012,Edinburgh,Saracens,0,45,Away,,,0,1
13/10/2012,Harlequins,Biarritz,40,13,Home,,,0,1
13/10/2012,Leinster,Exeter,9,6,Home,,,0,1
13/10/2012,Racing 92,Munster,22,17,Home,,,0,1
13/10/2012,Zebre,Connacht,10,19,Away,,,0,1
14/10/2012,Northampton,Glasgow,24,15,Home,,,0,1
14/10/2012,Sale Sharks,Cardiff Blues,34,33,Home,,,0,1
14/10/2012,Toulon,Montpellier,37,16,Home,,,0,1
14/10/2012,Toulouse,Leicester,23,9,Home,,,0,1
19/10/2012,Castres,Northampton,21,16,Home,,,0,1
19/10/2012,Glasgow,Ulster,8,19,Away,,,0,1
20/10/2012,Biarritz,Zebre,38,17,Home,,,0,1
20/10/2012,Connacht,Harlequins,22,30,Away,,,0,1
20/10/2012,Exeter,Clermont Auvergne,12,46,Away,,,0,1
20/10/2012,Saracens,Racing 92,30,13,Home,,,0,1
20/10/2012,Scarlets,Leinster,13,20,Away,,,0,1
20/10/2012,Treviso,Toulouse,21,33,Away,,,0,1
21/10/2012,Cardiff Blues,Toulon,14,22,Away,,,0,1
21/10/2012,Leicester,Ospreys,39,22,Home,,,0,1
21/10/2012,Montpellier,Sale Sharks,33,18,Home,,,0,1
21/10/2012,Munster,Edinburgh,33,0,Home,,,0,1
07/12/2012,Connacht,Biarritz,22,14,Home,,,0,1
07/12/2012,Glasgow,Castres,6,9,Away,,,0,1
07/12/2012,Northampton,Ulster,6,25,Away,,,0,1
08/12/2012,Munster,Saracens,15,9,Home,,,0,1
08/12/2012,Racing 92,Edinburgh,19,9,Home,,,0,1
08/12/2012,Sale Sharks,Toulon,6,17,Away,,,0,1
08/12/2012,Scarlets,Exeter,16,22,Away,,,0,1
08/12/2012,Toulouse,Ospreys,30,14,Home,,,0,1
08/12/2012,Zebre,Harlequins,14,57,Away,,,0,1
09/12/2012,Cardiff Blues,Montpellier,24,35,Away,,,0,1
09/12/2012,Clermont Auvergne,Leinster,15,12,Home,,,0,1
09/12/2012,Leicester,Treviso,33,25,Home,,,0,1
14/12/2012,Biarritz,Connacht,17,0,Home,,,0,1
14/12/2012,Edinburgh,Racing 92,3,15,Away,,,0,1
15/12/2012,Exeter,Scarlets,30,20,Home,,,0,1
15/12/2012,Harlequins,Zebre,53,5,Home,,,0,1
15/12/2012,Leinster,Clermont Auvergne,21,28,Away,,,0,1
15/12/2012,Montpellier,Cardiff Blues,34,21,Home,,,0,1
15/12/2012,Ospreys,Toulouse,17,6,Home,,,0,1
15/12/2012,Treviso,Leicester,13,14,Away,,,0,1
15/12/2012,Ulster,Northampton,9,10,Away,,,0,1
16/12/2012,Castres,Glasgow,10,8,Home,,,0,1
16/12/2012,Saracens,Munster,19,13,Home,,,0,1
16/12/2012,Toulon,Sale Sharks,62,0,Home,,,0,1
11/01/2013,Northampton,Castres,18,12,Home,,,0,1
11/01/2013,Sale Sharks,Montpellier,6,27,Away,,,0,1
11/01/2013,Ulster,Glasgow,23,6,Home,,,0,1
12/01/2013,Clermont Auvergne,Exeter,46,3,Home,,,0,1
12/01/2013,Harlequins,Connacht,47,8,Home,,,0,1
12/01/2013,Leinster,Scarlets,33,14,Home,,,0,1
12/01/2013,Racing 92,Saracens,28,37,Away,,,0,1
12/01/2013,Toulon,Cardiff Blues,45,25,Home,,,0,1
12/01/2013,Zebre,Biarritz,6,32,Away,,,0,1
13/01/2013,Edinburgh,Munster,17,26,Away,,,0,1
13/01/2013,Ospreys,Leicester,15,15,Draw,,,0,1
13/01/2013,Toulouse,Treviso,35,14,Home,,,0,1
18/01/2013,Biarritz,Harlequins,9,16,Away,,,0,1
18/01/2013,Connacht,Zebre,25,20,Home,,,0,1
19/01/2013,Cardiff Blues,Sale Sharks,26,14,Home,,,0,1
19/01/2013,Castres,Ulster,8,9,Away,,,0,1
19/01/2013,Exeter,Leinster,20,29,Away,,,0,1
19/01/2013,Glasgow,Northampton,27,20,Home,,,0,1
19/01/2013,Montpellier,Toulon,23,3,Home,,,0,1
19/01/2013,Scarlets,Clermont Auvergne,0,29,Away,,,0,1
20/01/2013,Leicester,Toulouse,9,5,Home,,,0,1
20/01/2013,Munster,Racing 92,29,6,Home,,,0,1
20/01/2013,Saracens,Edinburgh,40,7,Home,,,0,1
20/01/2013,Treviso,Ospreys,17,14,Home,,,0,1
06/04/2013,Clermont Auvergne,Montpellier,36,14,Home,,,0,1
06/04/2013,Saracens,Ulster,27,16,Home,,,0,1
07/04/2013,Harlequins,Munster,12,18,Away,,,0,1
07/04/2013,Toulon,Leicester,21,15,Home,,,0,1
27/04/2013,Clermont Auvergne,Munster,16,10,Home,,,0,1
28/04/2013,Saracens,Toulon,12,24,Away,,,0,1
18/05/2013,Clermont Auvergne,Toulon,15,16,Away,,,0,1
11/10/2013,Connacht,Saracens,17,23,Away,,,0,1
11/10/2013,Toulouse,Zebre,38,5,Home,,,0,1
11/10/2013,Ulster,Leicester,22,16,Home,,,0,1
12/10/2013,Castres,Northampton,19,13,Home,,,0,1
12/10/2013,Edinburgh,Munster,29,23,Home,,,0,1
12/10/2013,Gloucester,Perpignan,27,22,Home,,,0,1
12/10/2013,Harlequins,Scarlets,26,33,Away,,,0,1
12/10/2013,Ospreys,Leinster,9,19,Away,,,0,1
12/10/2013,Treviso,Montpellier,10,27,Away,,,0,1
13/10/2013,Exeter,Cardiff Blues,44,29,Home,,,0,1
13/10/2013,Racing 92,Clermont Auvergne,13,9,Home,,,0,1
13/10/2013,Toulon,Glasgow,51,28,Home,,,0,1
18/10/2013,Leicester,Treviso,34,3,Home,,,0,1
18/10/2013,Saracens,Toulouse,16,17,Away,,,0,1
19/10/2013,Cardiff Blues,Toulon,19,15,Home,,,0,1
19/10/2013,Leinster,Castres,19,7,Home,,,0,1
19/10/2013,Montpellier,Ulster,8,25,Away,,,0,1
19/10/2013,Munster,Gloucester,26,10,Home,,,0,1
19/10/2013,Scarlets,Racing 92,26,26,Draw,,,0,1
19/10/2013,Zebre,Connacht,6,33,Away,,,0,1
20/10/2013,Clermont Auvergne,Harlequins,23,16,Home,,,0,1
20/10/2013,Glasgow,Exeter,20,16,Home,,,0,1
20/10/2013,Northampton,Ospreys,27,16,Home,,,0,1
20/10/2013,Perpignan,Edinburgh,31,14,Home,,,0,1
06/12/2013,Cardiff Blues,Glasgow,29,20,Home,,,0,1
06/12/2013,Castres,Ospreys,15,9,Home,,,0,1
07/12/2013,Clermont Auvergne,Scarlets,32,11,Home,,,0,1
07/12/2013,Exeter,Toulon,9,14,Away,,,0,1
07/12/2013,Northampton,Leinster,7,40,Away,,,0,1
07/12/2013,Racing 92,Harlequins,8,32,Away,,,0,1
07/12/2013,Ulster,Treviso,48,0,Home,,,0,1
07/12/2013,Zebre,Saracens,10,39,Away,,,0,1
08/12/2013,Edinburgh,Gloucester,12,23,Away,,,0,1
08/12/2013,Leicester,Montpellier,41,32,Home,,,0,1
08/12/2013,Munster,Perpignan,36,8,Home,,,0,1
08/12/2013,Toulouse,Connacht,14,16,Away,,,0,1
13/12/2013,Glasgow,Cardiff Blues,7,9,Away,,,0,1
13/12/2013,Ospreys,Castres,21,12,Home,,,0,1
14/12/2013,Connacht,Toulouse,9,37,Away,,,0,1
14/12/2013,Leinster,Northampton,9,18,Away,,,0,1
14/12/2013,Perpignan,Munster,17,18,Away,,,0,1
14/12/2013,Saracens,Zebre,64,3,Home,,,0,1
14/12/2013,Scarlets,Clermont Auvergne,13,31,Away,,,0,1
14/12/2013,Toulon,Exeter,32,20,Home,,,0,1
14/12/2013,Treviso,Ulster,3,35,Away,,,0,1
15/12/2013,Gloucester,Edinburgh,10,16,Away,,,0,1
15/12/2013,Harlequins,Racing 92,17,3,Home,,,0,1
15/12/2013,Montpellier,Leicester,14,15,Away,,,0,1
10/01/2014,Racing 92,Scarlets,13,19,Away,,,0,1
10/01/2014,Ulster,Montpellier,27,16,Home,,,0,1
11/01/2014,Connacht,Zebre,20,3,Home,,,0,1
11/01/2014,Edinburgh,Perpignan,27,16,Home,,,0,1
11/01/2014,Exeter,Glasgow,10,15,Away,,,0,1
11/01/2014,Gloucester,Munster,7,20,Away,,,0,1
11/01/2014,Harlequins,Clermont Auvergne,13,16,Away,,,0,1
11/01/2014,Toulon,Cardiff Blues,43,20,Home,,,0,1
11/01/2014,Treviso,Leicester,19,34,Away,,,0,1
12/01/2014,Castres,Leinster,22,29,Away,,,0,1
12/01/2014,Ospreys,Northampton,17,29,Away,,,0,1
12/01/2014,Toulouse,Saracens,21,11,Home,,,0,1
17/01/2014,Leinster,Ospreys,36,3,Home,,,0,1
17/01/2014,Northampton,Castres,13,3,Home,,,0,1
18/01/2014,Cardiff Blues,Exeter,13,19,Away,,,0,1
18/01/2014,Glasgow,Toulon,8,15,Away,,,0,1
18/01/2014,Leicester,Ulster,19,22,Away,,,0,1
18/01/2014,Montpellier,Treviso,24,6,Home,,,0,1
18/01/2014,Saracens,Connacht,64,6,Home,,,0,1
18/01/2014,Zebre,Toulouse,6,16,Away,,,0,1
19/01/2014,Clermont Auvergne,Racing 92,28,3,Home,,,0,1
19/01/2014,Munster,Edinburgh,38,6,Home,,,0,1
19/01/2014,Perpignan,Gloucester,18,36,Away,,,0,1
19/01/2014,Scarlets,Harlequins,20,22,Away,,,0,1
05/04/2014,Clermont Auvergne,Leicester,22,16,Home,,,0,1
05/04/2014,Munster,Toulouse,47,23,Home,,,0,1
05/04/2014,Ulster,Saracens,15,17,Away,,,0,1
06/04/2014,Toulon,Leinster,29,14,Home,,,0,1
26/04/2014,Saracens,Clermont Auvergne,46,6,Home,,,0,1
27/04/2014,Toulon,Munster,24,16,Home,,,0,1
18/05/2014,Wasps,Stade Francais,30,29,Home,,,0,1
24/05/2014,Stade Francais,Wasps,6,20,Away,,,0,1
24/05/2014,Toulon,Saracens,23,6,Home,,,0,1
17/10/2014,Harlequins,Castres,25,9,Home,,,0,1
18/10/2014,Glasgow,Bath,37,10,Home,,,0,1
18/10/2014,Leicester,Ulster,25,18,Home,,,0,1
18/10/2014,Racing 92,Northampton,20,11,Home,,,0,1
18/10/2014,Sale Sharks,Munster,26,27,Away,,,0,1
18/10/2014,Saracens,Clermont Auvergne,30,23,Home,,,0,1
19/10/2014,Leinster,Wasps,25,20,Home,,,0,1
19/10/2014,Ospreys,Treviso,42,7,Home,,,0,1
19/10/2014,Toulon,Scarlets,28,18,Home,,,0,1
19/10/2014,Toulouse,Montpellier,30,23,Home,,,0,1
24/10/2014,Munster,Saracens,14,3,Home,,,0,1
25/10/2014,Bath,Toulouse,19,21,Away,,,0,1
25/10/2014,Montpellier,Glasgow,13,15,Away,,,0,1
25/10/2014,Northampton,Ospreys,34,6,Home,,,0,1
25/10/2014,Scarlets,Leicester,15,3,Home,,,0,1
25/10/2014,Ulster,Toulon,13,23,Away,,,0,1
26/10/2014,Castres,Leinster,16,21,Away,,,0,1
26/10/2014,Clermont Auvergne,Sale Sharks,35,3,Home,,,0,1
26/10/2014,Treviso,Racing 92,10,26,Away,,,0,1
26/10/2014,Wasps,Harlequins,16,23,Away,,,0,1
05/12/2014,Montpellier,Bath,5,30,Away,,,0,1
06/12/2014,Munster,Clermont Auvergne,9,16,Away,,,0,1
06/12/2014,Ospreys,Racing 92,19,19,Draw,,,0,1
06/12/2014,Sale Sharks,Saracens,15,19,Away,,,0,1
06/12/2014,Treviso,Northampton,15,38,Away,,,0,1
06/12/2014,Ulster,Scarlets,24,9,Home,,,0,1
07/12/2014,Castres,Wasps,17,32,Away,,,0,1
07/12/2014,Harlequins,Leinster,24,18,Home,,,0,1
07/12/2014,Leicester,Toulon,25,21,Home,,,0,1
07/12/2014,Toulouse,Glasgow,19,11,Home,,,0,1
12/12/2014,Bath,Montpellier,32,12,Home,,,0,1
13/12/2014,Glasgow,Toulouse,9,12,Away,,,0,1
13/12/2014,Leinster,Harlequins,14,13,Home,,,0,1
13/12/2014,Northampton,Treviso,67,0,Home,,,0,1
13/12/2014,Racing 92,Ospreys,18,14,Home,,,0,1
13/12/2014,Saracens,Sale Sharks,28,15,Home,,,0,1
13/12/2014,Toulon,Leicester,23,8,Home,,,0,1
14/12/2014,Clermont Auvergne,Munster,26,19,Home,,,0,1
14/12/2014,Scarlets,Ulster,22,13,Home,,,0,1
14/12/2014,Wasps,Castres,44,17,Home,,,0,1
16/01/2015,Leicester,Scarlets,40,23,Home,,,0,1
17/01/2015,Harlequins,Wasps,3,23,Away,,,0,1
17/01/2015,Leinster,Castres,50,8,Home,,,0,1
17/01/2015,Sale Sharks,Clermont Auvergne,13,22,Away,,,0,1
17/01/2015,Saracens,Munster,33,10,Home,,,0,1
17/01/2015,Toulon,Ulster,60,22,Home,,,0,1
18/01/2015,Glasgow,Montpellier,21,10,Home,,,0,1
18/01/2015,Ospreys,Northampton,9,20,Away,,,0,1
18/01/2015,Racing 92,Treviso,53,7,Home,,,0,1
18/01/2015,Toulouse,Bath,18,35,Away,,,0,1
24/01/2015,Castres,Harlequins,19,47,Away,,,0,1
24/01/2015,Northampton,Racing 92,8,32,Away,,,0,1
24/01/2015,Scarlets,Toulon,3,26,Away,,,0,1
24/01/2015,Treviso,Ospreys,23,20,Home,,,0,1
24/01/2015,Ulster,Leicester,26,7,Home,,,0,1
24/01/2015,Wasps,Leinster,20,20,Draw,,,0,1
25/01/2015,Bath,Glasgow,20,15,Home,,,0,1
25/01/2015,Clermont Auvergne,Saracens,18,6,Home,,,0,1
25/01/2015,Montpellier,Toulouse,27,26,Home,,,0,1
25/01/2015,Munster,Sale Sharks,65,10,Home,,,0,1
04/04/2015,Clermont Auvergne,Northampton,37,5,Home,,,0,1
04/04/2015,Leinster,Bath,18,15,Home,,,0,1
05/04/2015,Racing 92,Saracens,11,12,Away,,,0,1
05/04/2015,Toulon,Wasps,32,18,Home,,,0,1
18/04/2015,Clermont Auvergne,Saracens,13,9,Home,,,0,1
19/04/2015,Toulon,Leinster,25,20,Home,,,0,1
02/05/2015,Clermont Auvergne,Toulon,18,24,Away,,,0,1
24/05/2015,Gloucester,Connacht,40,32,Home,,,0,1
31/05/2015,Gloucester,Bordeaux Begles,22,23,Away,,,0,1
13/11/2015,Leicester,Stade Francais,33,20,Home,,,0,1
14/11/2015,Munster,Treviso,32,7,Home,,,0,1
14/11/2015,Northampton,Scarlets,15,11,Home,,,0,1
14/11/2015,Saracens,Toulouse,32,7,Home,,,0,1
15/11/2015,Leinster,Wasps,6,33,Away,,,0,1
15/11/2015,Ospreys,Exeter,25,13,Home,,,0,1
20/11/2015,Ulster,Saracens,9,27,Away,,,0,1
21/11/2015,Bath,Leinster,19,16,Home,,,0,1
21/11/2015,Exeter,Bordeaux Begles,34,19,Home,,,0,1
21/11/2015,Glasgow,Northampton,15,26,Away,,,0,1
21/11/2015,Scarlets,Racing 92,12,29,Away,,,0,1
21/11/2015,Toulouse,Oyonnax,24,18,Home,,,0,1
21/11/2015,Treviso,Leicester,3,36,Away,,,0,1
22/11/2015,Clermont Auvergne,Ospreys,34,29,Home,,,0,1
22/11/2015,Wasps,Toulon,32,6,Home,,,0,1
11/12/2015,Ulster,Toulouse,38,0,Home,,,0,1
12/12/2015,Exeter,Clermont Auvergne,31,14,Home,,,0,1
12/12/2015,Glasgow,Scarlets,43,6,Home,,,0,1
12/12/2015,Munster,Leicester,19,31,Away,,,0,1
12/12/2015,Ospreys,Bordeaux Begles,19,16,Home,,,0,1
12/12/2015,Racing 92,Northampton,33,3,Home,,,0,1
12/12/2015,Treviso,Stade Francais,17,50,Away,,,0,1
13/12/2015,Oyonnax,Saracens,10,45,Away,,,0,1
13/12/2015,Toulon,Leinster,24,9,Home,,,0,1
13/12/2015,Wasps,Bath,23,25,Away,,,0,1
18/12/2015,Northampton,Racing 92,9,9,Draw,,,0,1
19/12/2015,Bath,Wasps,10,36,Away,,,0,1
19/12/2015,Bordeaux Begles,Ospreys,33,27,Home,,,0,1
19/12/2015,Leinster,Toulon,16,20,Away,,,0,1
19/12/2015,Saracens,Oyonnax,55,13,Home,,,0,1
19/12/2015,Scarlets,Glasgow,6,9,Away,,,0,1
19/12/2015,Stade Francais,Treviso,40,14,Home,,,0,1
20/12/2015,Clermont Auvergne,Exeter,42,10,Home,,,0,1
20/12/2015,Leicester,Munster,17,6,Home,,,0,1
20/12/2015,Toulouse,Ulster,23,25,Away,,,0,1
08/01/2016,Bordeaux Begles,Clermont Auvergne,10,28,Away,,,0,1
09/01/2016,Racing 92,Glasgow,34,10,Home,,,0,1
09/01/2016,Stade Francais,Munster,27,7,Home,,,0,1
10/01/2016,Oyonnax,Ulster,23,24,Away,,,0,1
10/01/2016,Toulon,Bath,12,9,Home,,,0,1
15/01/2016,Ospreys,Clermont Auvergne,21,13,Home,,,0,1
16/01/2016,Bordeaux Begles,Exeter,34,27,Home,,,0,1
16/01/2016,Leicester,Treviso,47,7,Home,,,0,1
16/01/2016,Leinster,Bath,25,11,Home,,,0,1
16/01/2016,Munster,Stade Francais,26,13,Home,,,0,1
16/01/2016,Oyonnax,Toulouse,32,14,Home,,,0,1
16/01/2016,Saracens,Ulster,33,17,Home,,,0,1
17/01/2016,Northampton,Glasgow,19,15,Home,,,0,1
17/01/2016,Racing 92,Scarlets,64,14,Home,,,0,1
17/01/2016,Toulon,Wasps,15,11,Home,,,0,1
23/01/2016,Bath,Toulon,14,19,Away,,,0,1
23/01/2016,Glasgow,Racing 92,22,5,Home,,,0,1
23/01/2016,Scarlets,Northampton,10,22,Away,,,0,1
23/01/2016,Toulouse,Saracens,17,28,Away,,,0,1
23/01/2016,Ulster,Oyonnax,56,3,Home,,,0,1
23/01/2016,Wasps,Leinster,51,10,Home,,,0,1
24/01/2016,Clermont Auvergne,Bordeaux Begles,28,37,Away,,,0,1
24/01/2016,Exeter,Ospreys,33,17,Home,,,0,1
24/01/2016,Stade Francais,Leicester,36,21,Home,,,0,1
24/01/2016,Treviso,Munster,5,28,Away,,,0,1
09/04/2016,Saracens,Northampton,29,20,Home,,,0,1
09/04/2016,Wasps,Exeter,25,24,Home,,,0,1
10/04/2016,Leicester,Stade Francais,41,13,Home,,,0,1
10/04/2016,Racing 92,Toulon,19,16,Home,,,0,1
23/04/2016,Saracens,Wasps,24,17,Home,,,0,1
24/04/2016,Leicester,Racing 92,16,19,Away,,,0,1
14/05/2016,Racing 92,Saracens,9,21,Away,,,0,1
14/10/2016,Glasgow,Leicester,42,13,Home,,,0,1
15/10/2016,Connacht,Toulouse,23,21,Home,,,0,1
15/10/2016,Leinster,Castres,33,15,Home,,,0,1
15/10/2016,Northampton,Montpellier,16,14,Home,,,0,1
15/10/2016,Scarlets,Sale Sharks,28,11,Home,,,0,1
15/10/2016,Toulon,Saracens,23,31,Away,,,0,1
15/10/2016,Wasps,Zebre,82,14,Home,,,0,1
16/10/2016,Bordeaux Begles,Ulster,28,13,Home,,,0,1
16/10/2016,Exeter,Clermont Auvergne,8,35,Away,,,0,1
21/10/2016,Sale Sharks,Toulon,5,15,Away,,,0,1
22/10/2016,Castres,Northampton,41,7,Home,,,0,1
22/10/2016,Clermont Auvergne,Bordeaux Begles,49,33,Home,,,0,1
22/10/2016,Munster,Glasgow,38,17,Home,,,0,1
22/10/2016,Saracens,Scarlets,44,26,Home,,,0,1
22/10/2016,Ulster,Exeter,19,18,Home,,,0,1
23/10/2016,Leicester,Racing 92,27,17,Home,,,0,1
23/10/2016,Montpellier,Leinster,22,16,Home,,,0,1
23/10/2016,Toulouse,Wasps,20,20,Draw,,,0,1
23/10/2016,Zebre,Connacht,7,52,Away,,,0,1
09/12/2016,Northampton,Leinster,10,37,Away,,,0,1
10/12/2016,Munster,Leicester,38,0,Home,,,0,1
10/12/2016,Racing 92,Glasgow,14,23,Away,,,0,1
10/12/2016,Saracens,Sale Sharks,50,3,Home,,,0,1
10/12/2016,Ulster,Clermont Auvergne,39,32,Home,,,0,1
10/12/2016,Zebre,Toulouse,6,36,Away,,,0,1
11/12/2016,Exeter,Bordeaux Begles,7,13,Away,,,0,1
11/12/2016,Montpellier,Castres,32,14,Home,,,0,1
11/12/2016,Toulon,Scarlets,31,20,Home,,,0,1
11/12/2016,Wasps,Connacht,32,17,Home,,,0,1
16/12/2016,Glasgow,Racing 92,23,7,Home,,,0,1
17/12/2016,Bordeaux Begles,Exeter,12,20,Away,,,0,1
17/12/2016,Connacht,Wasps,20,18,Home,,,0,1
17/12/2016,Leicester,Munster,18,16,Home,,,0,1
17/12/2016,Leinster,Northampton,60,13,Home,,,0,1
17/12/2016,Toulouse,Zebre,54,15,Home,,,0,1
18/12/2016,Castres,Montpellier,29,23,Home,,,0,1
18/12/2016,Clermont Auvergne,Ulster,38,19,Home,,,0,1
18/12/2016,Sale Sharks,Saracens,10,24,Away,,,0,1
18/12/2016,Scarlets,Toulon,22,21,Home,,,0,1
07/01/2017,Racing 92,Munster,7,32,Away,,,0,1
13/01/2017,Leinster,Montpellier,57,3,Home,,,0,1
14/01/2017,Connacht,Zebre,66,21,Home,,,0,1
14/01/2017,Glasgow,Munster,12,14,Away,,,0,1
14/01/2017,Northampton,Castres,28,21,Home,,,0,1
14/01/2017,Racing 92,Leicester,34,3,Home,,,0,1
14/01/2017,Wasps,Toulouse,17,14,Home,,,0,1
15/01/2017,Bordeaux Begles,Clermont Auvergne,6,9,Away,,,0,1
15/01/2017,Exeter,Ulster,31,19,Home,,,0,1
15/01/2017,Scarlets,Saracens,22,22,Draw,,,0,1
15/01/2017,Toulon,Sale Sharks,27,12,Home,,,0,1
20/01/2017,Castres,Leinster,24,24,Draw,,,0,1
20/01/2017,Montpellier,Northampton,26,17,Home,,,0,1
21/01/2017,Clermont Auvergne,Exeter,48,26,Home,,,0,1
21/01/2017,Leicester,Glasgow,0,43,Away,,,0,1
21/01/2017,Munster,Racing 92,22,10,Home,,,0,1
21/01/2017,Sale Sharks,Scarlets,25,23,Home,,,0,1
21/01/2017,Saracens,Toulon,10,3,Home,,,0,1
21/01/2017,Ulster,Bordeaux Begles,22,26,Away,,,0,1
22/01/2017,Toulouse,Connacht,19,10,Home,,,0,1
22/01/2017,Zebre,Wasps,27,41,Away,,,0,1
01/04/2017,Leinster,Wasps,32,17,Home,,,0,1
01/04/2017,Munster,Toulouse,41,16,Home,,,0,1
02/04/2017,Clermont Auvergne,Toulon,29,9,Home,,,0,1
02/04/2017,Saracens,Glasgow,38,13,Home,,,0,1
22/04/2017,Munster,Saracens,10,26,Away,,,0,1
23/04/2017,Clermont Auvergne,Leinster,27,22,Home,,,0,1
13/05/2017,Saracens,Clermont Auvergne,28,17,Home,,,0,1
19/05/2017,Stade Francais,Cardiff Blues,46,21,Home,,,0,1
20/05/2017,Northampton,Connacht,21,15,Home,,,0,1
26/05/2017,Northampton,Stade Francais,23,22,Home,,,0,1
13/10/2017,Ulster,Wasps,19,9,Home,,,0,1
14/10/2017,Bath,Treviso,23,0,Home,,,0,1
14/10/2017,Exeter,Glasgow,24,15,Home,,,0,1
14/10/2017,Harlequins,La Rochelle,27,34,Away,,,0,1
14/10/2017,Leinster,Montpellier,24,17,Home,,,0,1
14/10/2017,Racing 92,Leicester,22,18,Home,,,0,1
15/10/2017,Castres,Munster,17,17,Draw,,,0,1
15/10/2017,Northampton,Saracens,13,57,Away,,,0,1
15/10/2017,Ospreys,Clermont Auvergne,21,26,Away,,,0,1
15/10/2017,Toulon,Scarlets,21,20,Home,,,0,1
20/10/2017,Scarlets,Bath,13,18,Away,,,0,1
21/10/2017,Clermont Auvergne,Northampton,24,7,Home,,,0,1
21/10/2017,Glasgow,Leinster,18,34,Away,,,0,1
21/10/2017,Leicester,Castres,54,29,Home,,,0,1
21/10/2017,Munster,Racing 92,14,7,Home,,,0,1
21/10/2017,Saracens,Ospreys,36,34,Home,,,0,1
21/10/2017,Treviso,Toulon,29,30,Away,,,0,1
22/10/2017,La Rochelle,Ulster,41,17,Home,,,0,1
22/10/2017,Montpellier,Exeter,24,27,Away,,,0,1
22/10/2017,Wasps,Harlequins,41,10,Home,,,0,1
08/12/2017,Glasgow,Montpellier,22,29,Away,,,0,1
09/12/2017,Castres,Racing 92,16,13,Home,,,0,1
09/12/2017,Munster,Leicester,33,10,Home,,,0,1
09/12/2017,Northampton,Ospreys,32,43,Away,,,0,1
09/12/2017,Scarlets,Treviso,33,28,Home,,,0,1
09/12/2017,Toulon,Bath,24,20,Home,,,0,1
10/12/2017,Exeter,Leinster,8,18,Away,,,0,1
10/12/2017,Harlequins,Ulster,5,17,Away,,,0,1
10/12/2017,La Rochelle,Wasps,49,29,Home,,,0,1
11/12/2017,Saracens,Clermont Auvergne,14,46,Away,,,0,1
15/12/2017,Ulster,Harlequins,52,24,Home,,,0,1
16/12/2017,Bath,Toulon,26,21,Home,,,0,1
16/12/2017,Leinster,Exeter,22,17,Home,,,0,1
16/12/2017,Montpellier,Glasgow,36,26,Home,,,0,1
16/12/2017,Racing 92,Castres,29,7,Home,,,0,1
16/12/2017,Treviso,Scarlets,12,31,Away,,,0,1
17/12/2017,Clermont Auvergne,Saracens,24,21,Home,,,0,1
17/12/2017,Leicester,Munster,16,25,Away,,,0,1
17/12/2017,Ospreys,Northampton,32,15,Home,,,0,1
17/12/2017,Wasps,La Rochelle,21,3,Home,,,0,1
12/01/2018,Bath,Scarlets,17,35,Away,,,0,1
13/01/2018,Exeter,Montpellier,41,10,Home,,,0,1
13/01/2018,Harlequins,Wasps,33,28,Home,,,0,1
13/01/2018,Northampton,Clermont Auvergne,34,21,Home,,,0,1
13/01/2018,Ospreys,Saracens,15,15,Draw,,,0,1
13/01/2018,Ulster,La Rochelle,20,13,Home,,,0,1
14/01/2018,Castres,Leicester,39,0,Home,,,0,1
14/01/2018,Leinster,Glasgow,55,19,Home,,,0,1
14/01/2018,Racing 92,Munster,34,30,Home,,,0,1
14/01/2018,Toulon,Treviso,36,0,Home,,,0,1
20/01/2018,Clermont Auvergne,Ospreys,24,7,Home,,,0,1
20/01/2018,Glasgow,Exeter,28,21,Home,,,0,1
20/01/2018,Montpellier,Leinster,14,23,Away,,,0,1
20/01/2018,Saracens,Northampton,62,14,Home,,,0,1
20/01/2018,Scarlets,Toulon,30,27,Home,,,0,1
20/01/2018,Treviso,Bath,28,47,Away,,,0,1
21/01/2018,La Rochelle,Harlequins,16,7,Home,,,0,1
21/01/2018,Leicester,Racing 92,20,23,Away,,,0,1
21/01/2018,Munster,Castres,48,3,Home,,,0,1
21/01/2018,Wasps,Ulster,26,7,Home,,,0,1
30/03/2018,Scarlets,La Rochelle,29,17,Home,,,0,1
31/03/2018,Munster,Toulon,20,19,Home,,,0,1
01/04/2018,Clermont Auvergne,Racing 92,17,28,Away,,,0,1
01/04/2018,Leinster,Saracens,30,19,Home,,,0,1
21/04/2018,Leinster,Scarlets,38,16,Home,,,0,1
22/04/2018,Racing 92,Munster,27,22,Home,,,0,1
12/05/2018,Leinster,Racing 92,15,12,Home,,,0,1
12/10/2018,Leinster,Wasps,52,3,Home,,,0,1
13/10/2018,Bath,Toulouse,20,22,Away,,,0,1
13/10/2018,Exeter,Munster,10,10,Draw,,,0,1
13/10/2018,Montpellier,Edinburgh,21,15,Home,,,0,1
13/10/2018,Scarlets,Racing 92,13,14,Away,,,0,1
13/10/2018,Ulster,Leicester,24,10,Home,,,0,1
14/10/2018,Glasgow,Saracens,3,13,Away,,,0,1
14/10/2018,Gloucester,Castres,19,14,Home,,,0,1
14/10/2018,Lyon,Cardiff Blues,21,30,Away,,,0,1
14/10/2018,Toulon,Newcastle,25,26,Away,,,0,1
19/10/2018,Leicester,Scarlets,45,27,Home,,,0,1
20/10/2018,Castres,Exeter,29,25,Home,,,0,1
20/10/2018,Edinburgh,Toulon,40,14,Home,,,0,1
20/10/2018,Munster,Gloucester,36,22,Home,,,0,1
20/10/2018,Racing 92,Ulster,44,12,Home,,,0,1
20/10/2018,Saracens,Lyon,29,10,Home,,,0,1
20/10/2018,Wasps,Bath,35,35,Draw,,,0,1
21/10/2018,Cardiff Blues,Glasgow,12,29,Away,,,0,1
21/10/2018,Newcastle,Montpellier,23,20,Home,,,0,1
21/10/2018,Toulouse,Leinster,28,27,Home,,,0,1
07/12/2018,Edinburgh,Newcastle,31,13,Home,,,0,1
07/12/2018,Scarlets,Ulster,24,25,Away,,,0,1
08/12/2018,Bath,Leinster,10,17,Away,,,0,1
08/12/2018,Exeter,Gloucester,19,27,Away,,,0,1
08/12/2018,Lyon,Glasgow,22,42,Away,,,0,1
08/12/2018,Toulon,Montpellier,38,28,Home,,,0,1
08/12/2018,Wasps,Toulouse,16,24,Away,,,0,1
09/12/2018,Munster,Castres,30,5,Home,,,0,1
09/12/2018,Racing 92,Leicester,36,26,Home,,,0,1
09/12/2018,Saracens,Cardiff Blues,51,25,Home,,,0,1
14/12/2018,Gloucester,Exeter,17,29,Away,,,0,1
14/12/2018,Ulster,Scarlets,30,15,Home,,,0,1
15/12/2018,Cardiff Blues,Saracens,14,26,Away,,,0,1
15/12/2018,Castres,Munster,13,12,Home,,,0,1
15/12/2018,Glasgow,Lyon,21,10,Home,,,0,1
15/12/2018,Leinster,Bath,42,15,Home,,,0,1
15/12/2018,Toulouse,Wasps,42,27,Home,,,0,1
16/12/2018,Leicester,Racing 92,11,34,Away,,,0,1
16/12/2018,Montpellier,Toulon,34,13,Home,,,0,1
16/12/2018,Newcastle,Edinburgh,8,21,Away,,,0,1
11/01/2019,Gloucester,Munster,15,41,Away,,,0,1
12/01/2019,Bath,Wasps,18,16,Home,,,0,1
12/01/2019,Leinster,Toulouse,29,13,Home,,,0,1
12/01/2019,Montpellier,Newcastle,45,8,Home,,,0,1
12/01/2019,Scarlets,Leicester,33,10,Home,,,0,1
12/01/2019,Toulon,Edinburgh,17,28,Away,,,0,1
12/01/2019,Ulster,Racing 92,26,22,Home,,,0,1
13/01/2019,Exeter,Castres,34,12,Home,,,0,1
13/01/2019,Glasgow,Cardiff Blues,33,24,Home,,,0,1
13/01/2019,Lyon,Saracens,10,28,Away,,,0,1
18/01/2019,Edinburgh,Montpellier,19,10,Home,,,0,1
18/01/2019,Newcastle,Toulon,24,27,Away,,,0,1
19/01/2019,Cardiff Blues,Lyon,33,14,Home,,,0,1
19/01/2019,Castres,Gloucester,24,22,Home,,,0,1
19/01/2019,Leicester,Ulster,13,14,Away,,,0,1
19/01/2019,Munster,Exeter,9,7,Home,,,0,1
19/01/2019,Racing 92,Scarlets,46,33,Home,,,0,1
19/01/2019,Saracens,Glasgow,38,19,Home,,,0,1
20/01/2019,Toulouse,Bath,20,17,Home,,,0,1
20/01/2019,Wasps,Leinster,19,37,Away,,,0,1
30/03/2019,Edinburgh,Munster,13,17,Away,,,0,1
30/03/2019,Leinster,Ulster,21,18,Home,,,0,1
30/03/2019,Saracens,Glasgow,56,27,Home,,,0,1
31/03/2019,Racing 92,Toulouse,21,22,Away,,,0,1
20/04/2019,Saracens,Munster,32,16,Home,,,0,1
21/04/2019,Leinster,Toulouse,30,12,Home,,,0,1
11/05/2019,Saracens,Leinster,20,10,Home,,,0,1
15/11/2019,Gloucester,Toulouse,20,25,Away,,,0,1
16/11/2019,Bath,Ulster,16,17,Away,,,0,1
16/11/2019,Clermont Auvergne,Harlequins,53,21,Home,,,0,1
16/11/2019,Glasgow,Sale Sharks,13,7,Home,,,0,1
16/11/2019,La Rochelle,Exeter,12,31,Away,,,0,1
16/11/2019,Leinster,Treviso,33,19,Home,,,0,1
16/11/2019,Ospreys,Munster,13,32,Away,,,0,1
17/11/2019,Connacht,Montpellier,23,20,Home,,,0,1
17/11/2019,Northampton,Lyon,25,14,Home,,,0,1
17/11/2019,Racing 92,Saracens,30,10,Home,,,0,1
22/11/2019,Ulster,Clermont Auvergne,18,13,Home,,,0,1
23/11/2019,Exeter,Glasgow,34,18,Home,,,0,1
23/11/2019,Harlequins,Bath,15,9,Home,,,0,1
23/11/2019,Lyon,Leinster,6,13,Away,,,0,1
23/11/2019,Munster,Racing 92,21,21,Draw,,,0,1
23/11/2019,Saracens,Ospreys,44,3,Home,,,0,1
23/11/2019,Toulouse,Connacht,32,17,Home,,,0,1
23/11/2019,Treviso,Northampton,32,35,Away,,,0,1
24/11/2019,Montpellier,Gloucester,30,27,Home,,,0,1
24/11/2019,Sale Sharks,La Rochelle,25,15,Home,,,0,1
06/12/2019,Bath,Clermont Auvergne,17,34,Away,,,0,1
07/12/2019,La Rochelle,Glasgow,24,27,Away,,,0,1
07/12/2019,Lyon,Treviso,28,0,Home,,,0,1
07/12/2019,Munster,Saracens,10,3,Home,,,0,1
07/12/2019,Northampton,Leinster,16,43,Away,,,0,1
07/12/2019,Ospreys,Racing 92,19,40,Away,,,0,1
07/12/2019,Ulster,Harlequins,25,24,Home,,,0,1
08/12/2019,Gloucester,Connacht,26,17,Home,,,0,1
08/12/2019,Sale Sharks,Exeter,20,22,Away,,,0,1
08/12/2019,Toulouse,Montpellier,23,9,Home,,,0,1
13/12/2019,Harlequins,Ulster,10,34,Away,,,0,1
13/12/2019,Racing 92,Ospreys,40,27,Home,,,0,1
14/12/2019,Connacht,Gloucester,27,24,Home,,,0,1
14/12/2019,Glasgow,La Rochelle,7,12,Away,,,0,1
14/12/2019,Leinster,Northampton,50,21,Home,,,0,1
14/12/2019,Montpellier,Toulouse,18,26,Away,,,0,1
14/12/2019,Saracens,Munster,15,6,Home,,,0,1
14/12/2019,Treviso,Lyon,25,22,Home,,,0,1
15/12/2019,Clermont Auvergne,Bath,52,26,Home,,,0,1
15/12/2019,Exeter,Sale Sharks,35,10,Home,,,0,1
10/01/2020,Bath,Harlequins,19,25,Away,,,0,1
10/01/2020,La Rochelle,Sale Sharks,30,23,Home,,,0,1
11/01/2020,Clermont Auvergne,Ulster,29,13,Home,,,0,1
11/01/2020,Connacht,Toulouse,7,21,Away,,,0,1
11/01/2020,Glasgow,Exeter,31,31,Draw,,,0,1
11/01/2020,Gloucester,Montpellier,29,6,Home,,,0,1
11/01/2020,Ospreys,Saracens,15,22,Away,,,0,1
12/01/2020,Leinster,Lyon,42,14,Home,,,0,1
12/01/2020,Northampton,Treviso,33,20,Home,,,0,1
12/01/2020,Racing 92,Munster,39,22,Home,,,0,1
18/01/2020,Exeter,La Rochelle,33,14,Home,,,0,1
18/01/2020,Harlequins,Clermont Auvergne,19,26,Away,,,0,1
18/01/2020,Lyon,Northampton,24,36,Away,,,0,1
18/01/2020,Sale Sharks,Glasgow,7,45,Away,,,0,1
18/01/2020,Treviso,Leinster,0,18,Away,,,0,1
18/01/2020,Ulster,Bath,22,15,Home,,,0,1
19/01/2020,Montpellier,Connacht,35,29,Home,,,0,1
19/01/2020,Munster,Ospreys,33,6,Home,,,0,1
19/01/2020,Saracens,Racing 92,27,24,Home,,,0,1
19/01/2020,Toulouse,Gloucester,35,14,Home,,,0,1
19/09/2020,Clermont Auvergne,Racing 92,27,36,Away,,,0,0
19/09/2020,Leinster,Saracens,17,25,Away,,,0,0
20/09/2020,Exeter,Northampton,38,15,Home,,,0,0
20/09/2020,Toulouse,Ulster,36,8,Home,,,0,0
26/09/2020,Exeter,Toulouse,28,18,Home,,,0,0
26/09/2020,Racing 92,Saracens,19,15,Home,,,0,0
17/10/2020,Exeter,Racing 92,31,27,Home,,,1,0
12/12/2020,Northampton,Bordeaux,12,16,Away,,,0,1
12/12/2020,Ulster,Toulouse,22,29,Away,,,0,0
12/12/2020,Bath,Scarlets,19,23,Away,,,0,1
12/12/2020,Toulon,Sale Sharks,26,14,Home,,,0,0
12/12/2020,Dragons,Wasps,8,24,Away,,,0,0
12/12/2020,Montpellier,Leinster,14,35,Away,,,0,0
12/12/2020,Edinburgh,La Rochelle,8,13,Away,,,0,0
12/12/2020,Bristol,Clermont Auvergne,38,51,Away,,,0,0
12/12/2020,Lyon,Gloucester,55,10,Home,,,0,0
12/12/2020,Exeter,Glasgow,42,0,Home,,,0,1
12/12/2020,Racing 92,Connacht,26,22,Home,,,0,0
12/12/2020,Munster,Harlequins,21,7,Home,,,0,0
19/12/2020,Wasps,Montpellier,33,14,Home,,,0,0
19/12/2020,Leinster,Northampton,35,19,Home,,,0,0
19/12/2020,Bordeaux,Dragons,47,8,Home,,,0,0
19/12/2020,Sale Sharks,Edinburgh,15,16,Away,,,0,0
19/12/2020,Gloucester,Ulster,38,34,Home,,,0,1
19/12/2020,Clermont Auvergne,Munster,31,39,Away,,,0,0
19/12/2020,Harlequins,Racing 92,7,49,Away,,,0,0
19/12/2020,Connacht,Bristol,18,27,Away,,,0,0
03/04/2021,Gloucester,La Rochelle,16,27,Away,1,2,0,0
03/04/2021,Wasps,Clermont Auvergne,25,27,Away,3,3,0,0
03/04/2021,Munster,Toulouse,33,40,Away,4,4,0,0
03/04/2021,Exeter,Lyon,47,25,Home,7,3,0,0
03/04/2021,Racing 92,Edinburgh,56,3,Home,7,0,0,0
03/04/2021,Bordeaux Begles,Bristol,36,17,Home,3,1,0,0
03/04/2021,Scarlets,Sale Sharks,14,57,Away,2,6,0,0
10/04/2021,La Rochelle,Sale Sharks,45,21,Home,6,2,0,0
10/04/2021,Exeter,Leinster,22,34,Away,3,3,0,0
10/04/2021,Bordeaux Begles,Racing 92,24,21,Home,0,0,0,0
10/04/2021,Clermont Auvergne,Toulouse,12,21,Away,0,0,0,0
01/05/2021,Toulouse,Bordeaux Begles,21,9,Home,2,0,0,0
01/05/2021,La Rochelle,Leinster,32,23,Home,2,2,0,0
22/05/2021,La Rochelle,Toulouse,17,22,Away,1,1,1,1
10/12/2021,Northampton,Racing 92,14,45,Away,2,5,0,1
11/12/2021,Cardiff Blues,Toulouse,7,39,Away,1,5,0,1
11/12/2021,Bordeaux Begles,Leicester,13,16,Away,1,1,0,1
11/12/2021,Leinster,Bath,45,20,Home,7,2,0,1
11/12/2021,Clermont Auvergne,Ulster,23,29,Away,2,2,0,1
11/12/2021,Exeter,Montpellier,42,6,Home,6,0,0,1
12/12/2021,Connacht,Stade Francais,36,9,Home,5,0,0,1
12/12/2021,Ospreys,Sale Sharks,13,21,Away,1,3,0,1
12/12/2021,La Rochelle,Glasgow,20,13,Home,2,1,0,1
12/12/2021,Wasps,Munster,14,35,Away,2,4,0,1
12/12/2021,Castres,Harlequins,18,20,Away,0,2,0,1
17/12/2021,Ulster,Northampton,27,22,Home,4,2,0,1
18/12/2021,Harlequins,Cardiff Blues,43,17,Home,6,3,0,1
18/12/2021,Glasgow,Exeter,22,7,Home,1,1,0,1
18/12/2021,Munster,Castres,19,13,Home,1,1,0,1
19/12/2021,Leicester,Connacht,29,23,Home,4,2,0,1
